🍎,熟語部分（英訳）,熟語部分（和訳）,英文,和文
1,go on Ving,～し続ける,He went on reading in the living room till late at night.,彼は夜遅くまでずっとリビングで読書をし続けた。
1,keep on Ving,～し続ける,We kept on walking for over two hours.,私たちは２時間以上歩き続けた。
2,（all）at once,① 一度に いっせいに ② すぐに,"When the teacher came, they all stood up at once.",先生が入ってきたとき、彼らはいっせいに起立した。
2,（all）at once,① 一度に いっせいに ② すぐに,I want you to go to your boss at once.,すぐに上司のところに行ってもらいたい。
3,stand by ～,（苦しんでいる人）～の力になる ～の味方になる,I will always stand by you whenever you need help.,助けが必要なときはいつでもあなたの力になります。
3,stand by,① 傍観する ② 待機する スタンバイする,"While his brother was attacked, he was just standing by.",兄が襲われている間、彼はただ傍観しているだけだった。
4,in spite of ～,～にもかかわらず ～だけれども,They went on a hike in spite of the heavy rain.,大雨にもかかわらず、彼らはハイキングにでかけた。
5,be aware of ～,～に気づいている ～を意識している,The teacher was not aware of the problem among the children.,その先生は児童のなかにある問題を意識していなかった。
5,be conscious of ～,～を意識している,Some athletes are conscious of the spectators.,一部のスポーツ選手は観客のことを意識している。
6,wear out,①（長期の使用で）すり減る ②（長期の使用で）ボロボロになる 駄目になる,Your shoes are worn out.,靴がすり減ってしまっているよ。
6,wear out,①（長期の使用で）すり減る ②（長期の使用で）ボロボロになる 駄目になる,You should throw away the clothes that have been worn out.,ボロボロになった服は捨てたほうがいいよ。
7,not so much as V ～,～さえしない,Those children cannot so much as write their own names.,その子供たちは自分の名前さえ書けない。
7,without so much as Ving ～,～さえせずに,He left the room without so much as saying good-bye.,彼はさよならさえ言わずに部屋を出た。
8,happen to V,たまたまV する もしかしたらV する,Do you happen to know where she lives?,もしかしたら彼女がどこに住んでいるか知っていますか。
8,happen to V,たまたまV する もしかしたらV する,It happened that there was a meeting on that day.,たまたまその日に会議があった。
9,take place,①（出来事）が開催される・行われる ② (事故や出来事)が起きる・起こる,A wedding ceremony will take place at this temple next month.,結婚式が来月この神社で行われます。
9,take place,①（出来事）が開催される・行われる ② (事故や出来事)が起きる・起こる,A traffic accident took place here this morning.,"今朝, ここで交通事故が起きた。"
10,fail in ～,～に失敗する,He failed in his attempt to swim across the river.,彼はその川に泳いで渡ろうとして失敗した。
11,know better than to V ～,～するほど愚かではない,She knows better than to do such a thing in class.,彼女は授業中そのようなことをするほど愚かではない。
12,there is no Ving,～することができない,There is no telling what will happen tomorrow.,明日何が起きるかはわからない。
12,there is no Ving,～することができない,There is no food here.,ここには食べ物が全くない。
13,be at odds with ～,～と争っている,Since childhood my brother and I have continually been at odds with each other.,"兄と私は子どもの頃から, 絶えずお互いに争っている。"
14,far from ～,① 決して～ではない ② ～どころか,The attempt was far from being a success.,その試みは決して成功ではなかった。
14,far from ～,① 決して～ではない ② ～どころか,"Far from being a failure, it was a great success.","失敗どころか, それは大成功だった。"
15,fill ～out,～を記入する,Could you fill out the form with the ncecessary information?,必要事項を用紙に記入していただけますか。
16,refer to ～,① ～について述べる ～を参考にする ② ～を表す ～を示す,He referred to the data during his speech.,"スピーチの最中, 彼はそのデータを参考にした。"
16,refer to ～,① ～について述べる ～を参考にする ② ～を表す ～を示す,These figures refer to the number of crimes committed last year.,これらの数字は昨年起きた犯罪の数を示している。
17,up to 人,～次第である ～に決定権がある,You can go if you like ― it’s up to you.,"行きたければ, 行ってもいいですよ。あなた次第です。"
18,lead a 形容詞 life,～な生活を送る,My father led a happy life and died a peaceful death.,"私の父は幸せな生活を送り, 安らかに亡くなった。"
19,it is no use Ving,～しても無駄である,It is no use arguing with him.,彼と議論をしても無駄だ。
20,be capable of ～,～ができる,This bus is capable of carrying up to 40 people.,このバスは最大40人を乗せることができる。
21,all of a sudden,全く突然に,"All of a sudden, all the lights in the room went out.","全くの突然に, 部屋の明かりが全て消えた。"
22,bear ～ in mind / keep ～ in mind,～を心に留めておく ～を覚えておく,You should keep this advice in mind. ,この助言を忘れないようにね。
23,before long,まもなく,I think he will get home before long. ,彼はまもなく帰宅すると思う。
23,before long,まもなく,It will not be long before he gets home.,まもなく彼は帰宅するだろう。
24,be pleased with ～,～に喜んでいる,She is pleased with her new job.,彼女は新しい仕事に喜んでいる。
25,call ～ off,～を中止する,The soccer game was called off because of the heavy rain.,"大雨のために, サッカーの試合が中止された。"
25,call ～ off,～を中止する,Our flight was canceled because of the heavy rain.,"大雨のために, 私たちのフライトが取りやめになった。"
26,after all（文頭）,（そもそも）～だから,"Don’t be so angry with her. After all, she is only a child.","彼女のことをそんなに怒らないで。 そもそも, まだ子供なんだから。"
26,after all（文頭）,（そもそも）～だから,"She told me that she would come, but she didn’t come after all.","彼女は私に来ると言っていたが, 結局来なかった。"
27,catch up with ～,～に追いつく,"I ran fast, so I was able to catch up with him.","私は速く走ったので, 彼に追いつくことができた。"
27,catch up with ～,～に追いつく,I’m going to meet some of my old friends to catch up tomorrow.,"明日近況を知るため, 何人かの友人と会うつもりです。"
27,catch up with ～,～に追いつく,"I could hardly sleep last night, so I want to catch up on some sleep.","昨夜ほとんど眠れなかったので, 少し寝たい。"
28,keep up with ～,～に遅れないようにする,"I ran fast, but I found it difficult to keep up with him.","私は速く走ったが,彼に遅れないようにすることがなかなかできなかった。"
28,keep up with ～,～に遅れないようにする,It is difficult to keep up with the rapidly changing world.,急速に変わりゆく世の中についていくのは大変だ。
29,do away with ～,～を廃止する,We should do away with such a law.,そのような法律は廃止するべきだ。
30,find fault with ～,～を非難する ～のあら捜しをする,She is always finding fault with her husband.,彼女はいつも夫のあら捜しばかりしている。
31,get ～over,～を克服する,I don’t know how to get over the problem. ,その問題をどのように克服すべきか分からない。
31,get around ～,～を避ける,"When a problem arises, he always gets around it.","問題が生じたとき, 彼はいつもそれを避けようとする。"
32,give in （to ～）,（～に）屈する 降参する,"We had a heated argument, but eventually I gave in and accepted his suggestion.","私たちは白熱した議論を行ったが, 最終的に私が折れて, 彼の提案を受け入れた。"
32,give in （to ～）,（～に）屈する 降参する,She gave in to temptation and ate a lot of things.,"彼女は誘惑に負けて, たくさんのものを食べた。"
33,have respect for ～,～を尊重する have regard for ～: ～を尊重する,The British have a lot of respect for law and order.,英国人は法律と秩序をおおいに尊重する。
34,in addition to ～,～に加えて in addition: さらに,I have some other income in addition to regular salary.,通常の給料に加えて私には他の収入がある。
34,in addition to ～,～に加えて in addition: さらに,"I have regular salary. In addition, I have some other income.","私には通常の給料がある。さらに, 別の収入がある。"
35,in advance,前もって,"The restaurant is really popular, so you should reserve a table in advance.","そのレストランは本当に人気なので, 前もって予約しておいたほうがいいですよ。"
36,as good as one’s word,約束を守る,He is always as good as his word.,彼はいつも約束を守る。
37,be indifferent to ～,～に無関心である ～に無頓着である,Most Japanese people are indifferent to middle eastern countries.,大部分の日本人は中東の国々に無関心である。
37,be indifferent to ～,～に無関心である ～に無頓着である,"I was looking forward to the movie, but, in fact, it was very indifferent.","その映画を楽しみにしていたが, 実際はとてもさえないものだった。"
38,at will,思いのままに,You are not allowed to act at will once you join this company.,"ひとたび我が社に入社したからには, 思いのままに行動することは許されないよ。"
39,on duty,勤務中で,At the bank there are three guards on duty around the clock.,"その銀行では, 四六時中3人の守衛が勤務している。"
40,serve as ～,～として役立つ,This sofa serves as a bed.,このソファはベッドとして役立つ。
41,come by ～,～を手に入れる,How did he come by such an expensive car?,彼はどうやってそんなに高い車を手に入れたのですか。
41,come by ～,～を手に入れる,This old coin is very hard to come by these days.,"この古いコインは, 近頃では入手するのがとても困難だ。"
42,come of age,成人になる 大人の年齢に達する,"In the Jewish tradition, boys come of age when they are 13.","ユダヤ教のしきたりでは, 男子は13歳のときに成人になる。"
43,blame A for B,B の原因はA にあると考えている B の原因はA にあると言う,The report blames poor safety standards for the accident.,その報告書は事故の原因はずさんな安全基準にあると書かれている。
43,blame A for B,B の原因はA にあると考えている B の原因はA にあると言う,Bob blamed his own failure on me.,ボブは自分の失敗を私になすりつけた。
44,across from ～,～の前に ～の向かい側に,A convenience store is across from the station.,コンビニが駅の前にある。
44,across from ～,～の前に ～の向かい側に,My grandfather sat opposite to me in the kitchen.,台所で祖父が私の前に座った。
44,across from ～,～の前に ～の向かい側に,An elderly man sat in front of me on the train.,電車の中で高齢の男性が私の前に座った。
45,in time,時間内に 間に合って,I was able to answer all the questions in time.,私は時間内に全ての問題に答えることができた。
45,in time for ～,～に間に合って,You will be in time for the last train if you leave here right now.,"今すぐにここを出たら, 最終電車に間に合いますよ。"
46,on time,時間どおりに,I managed to get to the destination on time.,どうにか時間ピッタリに目的地にたどり着いた。
47,behind time,時間に遅れて,The train got to the station one minute behind time.,その電車は1分遅れで駅に到着した。
47,behind schedule,予定より遅れて,The ceremony began about an hour behind schedule.,その儀式は予定よりも約1時間遅れで始まった。
47,behind schedule,予定より遅れて,The construction was completed three days ahead of schedule.,工事は予定よりも3日早く終了した。
48,come to light,～が明るみに出る,"All the scandals came to light, and the politician was arrested after all.","全ての不祥事が明るみになり, その政治家は結局逮捕された。"
49,get nowhere,どうにもならない 成果が得られない,"I thought the negotiation would get nowhere, so I decided to leave.","私は交渉してもどうにもならないと思ったので, 出ていくことにした。"
50,cure A of B,A のB を治療する,The doctor cured him of his disease.,その医者は彼の病気を治療した。
51,clear A of B,A からB を取り除く,She is trying hard to clear her mind of doubts.,彼女は心から猜疑心を一掃しようとしている。
52,What do you say?,あなたはどうですか,Let’s eat out tonight. What do you say?,"今晩, 外食しましょう。どうですか。"
52,What do you say?,あなたはどうですか,What do you say to eating out tonight?,"今晩, 外食するのはどうですか。"
53,be supposed to V,① V すると思われている ② V することになっている,She is supposed to be good at cooking.,彼女は料理が得意だと思われている。
53,be supposed to V,① V すると思われている ② V することになっている,Everyone is supposed to wear a tie at the party.,そのパーティでは全員がネクタイを着用するということになっている。
54,carry ～ out,～を実行する,"It is easy to make a plan, but it is difficult to carry it out.","計画を立てることは簡単だが, それを実行することは難しい。"
55,in general,概して 一般に,"In general, Northern Europeans are taller than Asians.","一般に, 北欧人はアジア人よりも背が高い。"
55,in general,概して 一般に,This is the case of life in general.,このことは人生一般に当てはまる。
56,manage to V,どうにかV する,I managed to answer all the questions in time.,どうにか時間内に問題を全て解いた。
57,point ～ out,～を指摘する,During the meeting he pointed out a serious mistake.,会議中に彼は深刻な間違いを指摘した。
58,look after ～,～の面倒をみる,Lucy looked after our dog while we were traveling to Europe.,"私たちがヨーロッパ旅行に行っている間, ルーシーが犬の面倒を見てくれた。"
59,take over ～,～を引き受ける,I don’t want to take over any more work.,これ以上の仕事を引き受けたくない。
60,put ～ on,① ～を身につける ② ～を塗る,The boy put on a sweater.,その少年はセーターを着た。
60,put ～ on,① ～を身につける ② ～を塗る,The boy put on a trouser.,その少年はズボンをはいた。
60,wear ～,① ～を身につけている ② ～を塗っている,The boy wears a sweater and a trouser.,その少年はセーターとズボンを着用している。
61,take ～ off,①～を脱ぐ ～を取る ② （飛行機が）離陸する,He took his hat off and said hello to me.,"彼は帽子を取って, 私に挨拶をした。"
61,take ～ off,①～を脱ぐ ～を取る ② （飛行機が）離陸する,The plane is going to take off in a few minutes.,その飛行機はあと数分で離陸します。
62,bring ～ up,～を育てる,I was born and brought up in Osaka. ,私は大阪で生まれ育った。
63,contrary to ～,～とは逆に ～とは違って,"Contrary to popular belief, elephants are not so gentle.","一般的に信じられていること違って, 象はそんなに大人しくない。"
64,in contrast,これに対して 反対に,"We harvested 50 tomatoes last year. In contrast, we harvested only 30 this year.",昨年はトマトを50個収穫できた。これに対して今年は30個しか収穫していない。
65,on the contrary,それどころか,"I don’t hate the job. On the contrary, I love it.","その仕事が嫌いなのではない。それどころか, 大好きだ。"
65,on the contrary,それどころか,"I’m not free. On the contrary, I’m very busy.","私は暇ではない。それどころか, とても忙しい。"
66,keep ～ waiting,～を待たせる,I’m sorry to have kept you waiting so long.,こんなに長い間待たせてしまって申し訳ありません。
67,be at a loss,困っている 途方に暮れている,"I came to an intersection, but since I had no map, I was at a loss.",交差点にやってきたが、地図を持っていなかったので、途方に暮れていた。
67,be at a loss,困っている 途方に暮れている,I was at a loss for words.,私はそのとき言葉に詰まっていた。
67,be at a loss,困っている 途方に暮れている,I was at a loss as to what to say at that time.,私はそのとき何を言ってよいか困っていた。
68,add A to B,A をB に加える,Will you add sugar to the coffee ?,コーヒーに砂糖を入れてくれませんか。
68,add A to B,A をB に加える,The experience greatly added to my store of knowledge.,その経験で私の知識量がおおいに増えた。
69,have something to do with ～,～と何か関係がある,I have nothing to do with this project.,私はこのプロジェクトと何の関係もない。
69,have something to do with ～,～と何か関係がある,I have to do with this project.,私はこのプロジェクトと関係がある。
70,as far as ～,～まで,"It was a sunny day, so I walked as far as the post office.","天気のよい日だったので , 郵便局まで歩いた。"
71,learn ～ by heart,～を暗記する,I learned the poem by heart when I was in elementary school.,"小学校のころ , その詩を暗記した。"
72,engage in ～,～に従事する ～に携わる,A lot of people engaged in this project.,たくさんの人がこのプロジェクトに携わった。
72,be engaged in ～,～に従事している ～に携わっている oneself が脱落したもの,He was engaged in various sporting activities in high school.,"高校時代 , 彼は様々なスポーツ活動に携わっていた。"
73,compare A with B,A をB と比較する,I compared the new computer with the old one.,その新しいコンピュータを古いコンピュータと比較した。
74,compare A to B,① A をB と比較する ② A をB に例える,Life is often compared to a voyage.,人生はよく航海に例えられる。
75,compared with ～,～と比較すると,"Compared with his father, he is not so sociable.","父親と比較すると , 彼はそんなに社交的ではない。"
76,in comparison with ～,～と比較すると,"In comparison with Osaka, our city is really small.","大阪と比較すると , 私たちの都市 は本当に小さい。"
77,play a trick on ～,～にいたずらをする,The boy is always playing a trick on people around him.,その少年はいつも周囲の人のいたずらばかりしている。
78,in particular,特に 中でも,"In general, Asian people work hard. In particular, most Japanese people are workaholics.",一般にアジア人は勤勉だ。 特に日本人の大半は仕事中毒だ。
79,in vain,むだに,"I tried to give up smoking last year, but in vain.",私は昨年禁煙を試みたが無駄だった。
80,look up to ～,～を尊敬する,He is looked up to by all as their leader.,彼はリーダーとしてみんなから尊敬されている。
81,look down on ～,～を見下す on,Don't look down on people just because they are poor.,貧しいというだけで人を見下してはならない。
82,look into ～,～(綿密に)を調査する,The police are looking into the cause of the accident.,警察官がその事故の原因を調査中である。
83,look over ～,（ざっと）～に目を通す,She looked over the menu and ordered steak.,"彼女はメニューに目を通して , ステーキを注文した 。"
84,once in a while,時折 たまに,"Once in a while, I go to gym for a workout.","時折 , 私はトレーニングをしにジムへ行く。"
85,on purpose,わざと,I think that he made that mistake on purpose.,彼はわざとその間違いをしたと思う。
86,pass away,（人が）亡くなる,Last night my grandmother passed away at the age of 79.,昨夜私の祖母 が 79 歳で逝去した。
87,out of the question,問題外 ありえない,His behavior at the party was out of the question.,彼のそのパーティでの振舞いはありえないものだった。
88,pick ～ out,～を選ぶ,My girlfriend picked out a tie to go with this suit.,ガールフレンドがこのスーツに似合うネクタイを選んだ 。
89,lay off ～,～を解雇する,"Because of the depression, the company laid off 250 workers last December.","不況のせいで , その企業は昨年の 12 月に 250 人の労働者を解雇した。"
90,show up,現れる,He showed up at the party with his girlfriend.,彼はガールフレンドと一緒にそのパーティに現れた。
91,in person,直接 実際に,I met him in person.,私は直接彼に会った 。
91,in the flesh,生で 実際に,He looked much shorter in the flesh than on television.,彼はテレビよりも実際にはるかに背が低く見えた。
92,lie on one’s back,あおむけに寝る,I like lying on my back on the grass and look ing up at the sky.,"草の上に寝転がって , 空を眺めるのが好きだ。"
93,lie on one’s stomach,うつぶせになる,She often lies on her stomach and checks her smart phone.,"彼女はうつぶせになって , スマホをチェックすることが多い。"
94,lie on one’s side,横向きになって寝る,She was lying on her side.,彼女は 横向き になって寝ていた。
95,hand ～ out,～を配布する,I have to hand it in by the end of this month.,月末までにそれを提出しなければならない。
95,hand ～ out,～を配布する,Can I check in now?,今チェックインできますか。
95,hand ～ out,～を配布する,I’d like to check out at nine tomorrow.,"明日 , 9 時にチェックアウトしたいです。"
95,hand ～ out,～を配布する,I checked in the books at the library.,私は図書館でその本を返却した。
95,hand ～ out,～を配布する,I checked out some books at the library.,私は図書館で本を何冊か借りた。
95,hand ～ out,～を配布する,I checked in at nine o ’clock.,今日は 9 時に出勤した。
95,hand ～ out,～を配布する,I waited in line at the checkout counter.,レジカウンターで並んで待った。
96,名詞 near by,近くの～ / 名詞 close by: 近くの～,We played catch in a park near by.,私たちは近くの公園でキャッチボールをした。
97,（close） at hand,すぐ近くに,The mid term exam is close at hand.,中間テストはもうすぐだ。
98,look a word up in the dictionary,辞書で単語を調べる,Look the word up in the dictionary.,辞書でその単語を調べなさい。
98,look a word up in the dictionary,辞書で単語を調べる,"I’ll look up the train schedule before going to the station, just in case.","念のため , 駅に行く前に電車の時刻を調べます。"
98,look a word up in the dictionary,辞書で単語を調べる,"I’ll look up the place on the Google map, just in case.",念のため グーグルマップでその場所を調べます。
99,make (both) ends meet,収入内でやりくりする,We have to make ends meet this month.,今月は収入内でやりくりしなければならない。
100,on a large scale,大規模に,He is doing business on a large scale.,彼は事業を大規模に営んでいる。
101,persist in ～,～に固執する,He is always persisting in his own views.,彼はいつも自分の意見に固執してばかりいる。
102,get along with ～,～と問題なくやっていく,"He is really hard to please, so it is difficult to get along with him.","本当に気難しい人だから, 彼と問題なくやっていくのは難しいですよ。"
103,run a risk,危険を冒す,"I don’t want to run a risk of infection, so I won’t go out today.","私は感染症の危険を冒したくないので,今日は外出しません。"
104,see the sights of ～,～を観光する,I will see the sights of the city this afternoon.,"今日の午後 , その都市を観光します。"
105,show ～ off,～を見せびらかす ～をひけらかす,She just visited us to show off her ring.,彼女は自分の指輪を見せびらかすために私たちのところを訪問しただけだ。
106,hand ～ down,① ～を伝える ② ～を受け継がせる,This watch was handed down to me from my grandfather.,この腕時計は祖父から引き継いだものだ。
106,pass A down to B,A をB に伝える,This song was passed down from generation to generation.,この歌は世代から世代へと伝えられた。
107,make use of ～,～を利用する,"When you study English, you should make constant use of this dictionary.","英語を勉強するときは , 常にこの辞書利用するべきですよ。"
108,close to ～,～に近い,You should avoid getting too close to the TV screen.,テレビの画面にあまり近づきすぎないようにしたほうがいいですよ。
109,take the trouble to V,わざわざ～する,"Mike, who is always busy, took the trouble to come and see me.",いつも忙しいマイクがわざわざ私に会いにきてくれた。
110,second to none,誰にも負けない 右に出るものはいない,Bob is second to none in swimming.,水泳でボブの右に出るものはいない。
111,a great deal of ～/ a good deal of ～,大量の～ かなりの～,This task requires a great deal of concentration.,この仕事にはかなりの集中力を要する。
111,a great deal of ～/ a good deal of ～,大量の～ かなりの～,We suffered from a great many of troubles.,我々はかなりの数のもめごとに悩んだ。
112,differ from ～,～と異なる,Let's check why your answers differ from mine.,なぜあなたの答えが私の答えと違うのかを検討してみよう。
113,by means of ～,～を用いて・～によって,We entered the information by means of the keyboard.,私たちはキーボードを用いてその情報を入力した。
114,by no means,決して～ない,Your essay is by no means satisfactory.,君の作文は決して満足のいくものではない。
115,more or less,① ほとんど ② およそ,The road was more or less flat.,道路はほとんど平らだった。
115,more or less,① ほとんど ② およそ,"There were 50 people there, more or less.",そこにはおよそ 50 人いた。
116,get to one’s feet,立ち上がる,The old man got to his feet with difficulty.,その男性はどうにか立ち上がった。
117,distinguish A from B,A をB と区別する,What distinguishes human beings from animals?,人間を動物と区別しているものは何ですか。
118,above all (things),何よりもまず,"Of course I have a lot of things to learn, but above all, I should improve my English skills.",確かに学ぶ べきことはたくさんあるが何よりもまず英語力を上げるべきだ
119,call for ～,～を要求する,They called for a ban on nuclear tests.,彼らは核実験の禁止を要求した 。
120,mind your own business,余計なお世話だ,Mind your own business. This has nothing to do with you.,余計なお世話だ。このことはあなたと何の関係もない。
121,go through ～,（困難）を経験する,People in those days went through a long period of hardships.,その当時の人々は長い苦難の時代を送った。
121,get through ～,（困難）を切り抜ける,We got through a long period of hardships.,私たちは長い苦難の時代を切り抜けた。
122,for the sake of ～,～のために,She moved to a warmer place for the sake of her health.,彼女は健康のためにもっと暖かい場所に引越しした。
122,for the sake of ～,～のために,"Some students learn chemistry for its own sake, not for the entrance exams.","一部の生徒は入試のためではなく , 純粋に化学を勉強している。"
123,turn ～ down,～を断る・～を却下する,I was surprised to hear that she had turned down the attractive offer.,彼女がその魅力的な申し出を断ったのを聞いて私は驚いた。
124,what you call / what is called,いわゆる,This is a picture of what is called a caveman.,これはいわゆる穴居人の絵である。
125,have ～ in common (with ～),(～と)共通点がある,The culture of this country has a lot in common with that of ours.,この国の文化は私たちの国の文化と共通点がたくさんある。
126,agree to ～,～に同意する,Our boss will surely agree to your proposal.,上司はきっと君の提案に同意してくれますよ。
126,agree with ～,～に同意する,I m afraid I can t agree with you.,残念ながらあなたの考えには同意できません。
127,at the wheel,運転中,The truck driver must have been asleep at the wheel.,そのトラック運転手は運転中に居眠りしていたにちがいない。
128,put up with ～,（嫌なこと）を我慢する,I had to put up with the situation.,私はその状況に我慢しなければならなかった。
129,get caught (up) in a shower,通り雨にあう,I got caught up i n a shower on my way home from school.,学校から帰る途中に通り雨にあった。
129,get caught (up) in a traffic jam,交通渋滞にあう,I got caught up in a traffic jam on my way to work.,職場へ行く途中に交通渋滞にあった。
130,pay attention to ～,～を注意して見る ～を注意して聞く,You should pay more attention to what he says.,彼の発言にもっと注意して聞くべきだ。
131,feel like Ving,～したい気がする,I don't feel like going out today.,今日は外出したい気がしない 。
132,fall short of ～,～に達しない,His profits fell short of his expectations.,彼の 収益は予想に達しなかった。
133,make ～ out,～がわかる,I can't make out what the words on that sign say.,その看板に書いてあることが判読できない。
134,(all) by oneself,（他人から離れて）ひとりぼっちで,The girl is not used to playing all by herself.,その女の子は一人ぼっちで遊ぶのに慣れていない。
135,insist on Ving,～することを言い張る ～するようにしつこく言う,My daughter insisted on being taken to the amusement park.,私の娘は遊園地に連れて行ってほしいとせがんだ。
136,in the end,最後に ついに,His hard work paid off in the end.,彼の努力はついに実を結んだ。
137,stand out,① 突き出る ② 目立つ,A red dress made her stand out.,赤いドレスのため彼女は目立った。
137,stand out,① 突き出る ② 目立つ,So many people in Japan wear a mask these days.,日本では最近マスクをつけている人が多い（目立っている）。
138,sum up ～,～を要約する ～を合計する,"To sum up today's lecture, I will mention these three points.","今日の講義をまとめるために, この 3 つの要点を述べます。"
139,take pains,苦労する,I took great pains to prepare this dinner for you.,君のためにこの夕食を作るのにとても苦労した。
140,take turns,交代する,We took turns driving our car on our way home.,"家に帰る途中 , 私たちは交代で車を運転した。"
141,make up for ～,～を償う ～の埋め合わせをする,I have to make up for the loss right away.,私はすぐに損失の埋め合わせをしなければならない 。
142,under way,進行中で,The construction of the new subway is under way.,新しい地下鉄の建設が進行中である。
143,watch one’s step,足元に注意する,Watch your step. The floor is slippery.,足元に注意してください。床が滑りやすくなっています。
144,What ... for?,何のために,What did they come here for?,彼らは何のためにここへ来たのですか。
145,cannot V too ～,～してV するに越したことはない,You cannot be too careful in choosing a doctor.,"医者を選ぶ際 は,注意するに越したことはない。"
146,at heart,心の底では・根は,"He looks so mean and arrogant, but at heart, he’s a good guy.",彼 はとても意地悪で傲慢に見えるがでも根はいいやつなんだ。
147,peculiar to ～,～特有の,This is a custom peculiar to Japan.,これは日本特有の習慣である。
148,between you and me,ここだけの話だが,"Between you and me, I am going to quit my present job soon.","ここだけの話だが,私はもうすぐ今の仕事を辞めます。"
149,burst into laughter,急に笑い出す,All the people in the hall burst into laughter at the joke.,"会場の人が全員,その冗談で急に笑い出した。"
149,burst into tears,急に泣き出す,"When the fireworks display began, the baby burst into tears.","花火大会 が始まったとき , その赤ん坊は急に泣き出した。"
150,come up with ～,～(考え)を思いつく,He came up with a good idea after a long discussion.,"長い議論の後, 彼は良い考えが思いついた。"
151,考え occur to 人,考えが思いつく 考えが心に浮かぶ,It never occurred to us that he was pretending to know everything.,彼が何もかも知っているふりをしているとは思わなかった。
152,year by year,年ごとに 【注】 変化や成長を表すとき,My income increased year by year.,私の収入は年ごとに増えた。
152,year after year,くる年もくる年も 毎年毎年 【注】 不変であることを表すとき,They work at the same factory year after year.,彼らはくる年もくる年も同じ工場で働いている。
153,set out,① 出発する ② ～を始める,He set out for Mexico over two weeks ago.,彼は 2 週間以上前にメキシコへ行った。
153,set out,① 出発する ② ～を始める,We wanted to leave before winter set in.,私たちは冬が始まる前に出発したかった。
154,so far,今までのところ,I haven t seen any bears around here so far.,今までにこの辺りで熊を見かけたことはない。
155,share A with B,① A をB と共有する ② A をB に与える ③ A をB に教える,Thank you for sharing the umbrella with me.,傘に入れてくれてありがとう。
155,share A with B,① A をB と共有する ② A をB に与える ③ A をB に教える,Thank you for sharing the drink with me.,ジュースを分けてくれてありがとう。
155,share A with B,① A をB と共有する ② A をB に与える ③ A をB に教える,Thank you for sharing the information with me.,その情報を教えてくれてありがとう。
156,on the whole,概して・全体から見れば,"On the whole, the project looks all right now, but in fact, there are some problems.","全体から見れば, その企画は現在順調に進行しているように見えるが, 実際は問題がいくつかある。"
157,① run on ～,「～で走る / ～で動く」,"Children depend heavily on their parents for food, clothing, and shelter.",子供は衣食住を親に大きく依存している。
157,① run on ～,「～で走る / ～で動く」,Most students rely on the teacher to help them when they have problems.,"ほとんどの生徒は , 困ったときに , その先生に頼って助けてもらっている。"
157,① run on ～,「～で走る / ～で動く」,Everyone turned to him for his leadership.,みんな彼にリーダーシップを求めた。
158,remind 人 of ～,人に～を思い出させる,This picture always reminds me of my grandfather.,この写真を見るといつも私は祖父のことを思い出す。
159,suffer from ～,～で苦しむ・～で悩む,People in this town are suffering from a severe shortage of water.,この町の人々はひどい水不足に苦しんでいる。
160,get rid of ～,～を処分する・～を取り除く,"We are going to get rid of this motorcycle, because no one in my family uses it any more.","家族の誰もがもはや使っていないので , このバイクを処分するつもりだ。"
161,provide A with B,A にB を供給する,The government provided the victims of the earthquake with food.,政府は地震の被害者に食料を供給した。
161,supply A with B,A にB を供給する,"It has not rained at all for months, so water is in short supply now.","数か月間全く雨が降っていないので , 今では水が供給不足になっている。"
161,supply A with B,A にB を供給する,We must get more supplies to the area as quickly as possible.,できるだけもっと多くの必需品をその地域に確保しなければならない。
162,do with ～,～を処理する,What have you done with my pencil? It was here a moment ago.,私の鉛筆をどこへやったの。さっきここにあったのに。
163,put ～ off,① ～を延期する・～を先延ばしにする,We decided to put off the meeting until May 31st.,私たちは 5 月 31 日 までその会議を延期することに決めた。
163,put ～ off,① ～を延期する・～を先延ばしにする,His behavior at the party put us off.,パーティでの彼の振る舞いに私たちはドン引きした。
164,connect A with B,A をB と結びつける・A をB と関連させる,The city has always been closely connected with art and music.,その都市は昔からずっと芸術や音楽と密接に関係している。
165,take part in ～,～に参加する,I took part in the soccer game last Sunday.,私はこの前の日曜日サッカーの試合に参加した。
166,sign up for ～,～に参加する ～に加入する ～に申し込む,I want to sign up for the yoga class.,私はヨガのクラスに参加したい。
166,sign up for ～,～に参加する ～に加入する ～に申し込む,Would you like to sign up for this insurance?,この保険に加入したいですか。
167,be used to Ving,～するのに慣れている,He is not used to speaking in public places.,彼は公共の場で話すことに慣れていない。
168,on a 形容詞 basis,～的に 【注】on a 形容詞 basis: = 副詞,I’m saving money on a regular basis.,私は定期的に貯金をしている。
169,make up one’s mind to V,V することに決める,I made up my mind to go to the United States to study English.,私は英語の勉強をするためにアメリカに留学することに決めた。
170,be familiar with ～,～をよく知っている ～になじみがある,You have to be familiar with technical terms to do medial translations.,医学の翻訳をするためには専門用語をよく知っていなければならない。
170,be familiar with ～,～をよく知っている ～になじみがある,It is not familiar to me.,それは私にはよくわからないことだ。
171,be inclined to V,① ～したい気がする ② ～する傾向がある,We were inclined to go drinking.,私たちは飲みに行きたい気持ちだった。
171,be inclined to V,① ～したい気がする ② ～する傾向がある,She is inclined to be lazy when she is not with her mother.,"彼女は母親と一緒でないと, 怠けてしまう傾向がある。"
171,feel inclined to V,① ～したい気がする ② ～する傾向がある,Get in contact with me if you feel inclined.,気が向いたら連絡してください。
172,keep ～ to oneself,～を秘密にしておく,Can you keep it to yourself?,そのことは秘密にしておいてくれませんか。
173,get on one’s nerves,～の神経に触れる ～をイライラさせる,The noise from the apartment upstairs got on my nerves.,上のアパートの物音が私をイライラさせた。
174,as it were,いわば,"He is, as it were, a walking dictionary.",彼はいわば生き字引だ。
175,in itself,それ自体,Studying is not an end in itself.,勉強はそれ自体が目的ではない。
176,on one’s part,～の側での,"Due to a misunderstanding on my part, Tom had to work till late at night.","私の誤解が原因で, トムは夜遅くまで仕事をしなければならなかった。"
177,be anxious about ～,～を心配している,I’m anxious about the results of the exam.,私は試験の結果を心配している。
177,be anxious for ～,～を切望している ～をしきりに求めている,He’s anxious for the new game.,彼はその新しいゲームをしきりに欲しがっている。
177,be anxious about ～,～を心配している,He is anxious to see the TV personality.,彼はその芸能人に会いたがっている。
178,get hold of ～,① ～と連絡を取る ② （入手困難なもの）を手に入れる,I’ve been trying to get hold of you all week.,一週間ずっとあなたと連絡を取ろうとしていたんだ。
178,get hold of ～,① ～と連絡を取る ② （入手困難なもの）を手に入れる,How did you get hold of the ticket for the Olympics?,オリンピックのチケットをどうやって手に入れたの?
179,be free from ～,① ～に囚われていない ～から解放されている ② ～がない,Social scientists should be free from bias.,社会科学者は偏見に囚われてはいけない。 
179,be free from ～,① ～に囚われていない ～から解放されている ② ～がない,The products will be delivered free of charge.,その商品は無料で配達されます。
180,be tired of ～,～にうんざりしている・～に飽き飽きしている,I’m tired of working in this factory.,私はこの工場で仕事をするのにうんざりしている。
180,be tired of ～,～にうんざりしている・～に飽き飽きしている,I’m tired from working in this factory.,私はこの工場で仕事をして疲れている。
181,be the case with ～,～に当てはまる,The same is also the case with Japanese people.,同じことが日本人についてもあてはまる。
181,be true of ～/ be true for ～,～に当てはまる,The same is also true of Japanese people.,同じことが日本人についてもあてはまる。
181,be the case with ～,～に当てはまる,The same can be said about Japanese people.,同じことが日本人についても言える。
182,be bound to V,①必ず～する ②～しなければならない,"After signing the contract, he was bound to fulfill its conditions.","契約にサインをしたので, 彼はその条件を満たさなければならなかった。"
182,be bound to V,①必ず～する ②～しなければならない,My son never fails to call me on my birthday.,"息子は必ず, 私の誕生日に電話をかけてくる。"
183,be carried away,夢中になっている 舞い上がっている,Bob was carried away by gambling.,ボブはギャンブルに夢中になっていた。
184,in the way of ～,～の邪魔になって,The big obstacle gets in the way of our progress.,その大きな障害が私たちの進行の邪魔になっている。
184,in the way of ～,～の邪魔になって,I got caught in a shower on my way to school.,学校に行く途中でにわか雨にあった。
185,together with ～,～と一緒に,Please send your photos together with your comments.,"コメントを添えて, あなたの写真を送ってください。"
186,get ～ across,～を理解させる ～を伝える,I can’t seem to get my point across to him.,私の言いたいことを彼に理解させることはできないようだ。
187,make oneself understood in 外国語,外国語で自分の言うことをわかってもらう,I couldn’t make myself understood in English.,私は英語で自分の言うことを理解してもらうことができなかった。
188,make oneself heard,自分の声を届かせる,I used a microphone to make myself heard.,私は自分の声を届かせるためにマイクを使った。
189,correspond to ～,～に一致する,The broad lines on the map correspond to roads.,地図上の太線は道路である。
190,keep an eye on ～,～から目を離さない,Be sure to keep an eye on the suspect.,その容疑者から絶対に目を離すな。
191,let 人 down,人をがっかりさせる,Don’t let me down as you did the other day.,この前のように私をがっかりさせないでね。
192,the other way around,（前後）逆さまに,"He said that a dog attacked him, but in fact it was the other way around.","彼は犬が自分を襲ったと言ったが, 実は逆だった。"
192,inside out,（表裏）逆さまに,I got my umbrella blown inside out by the wind.,強風で傘が逆さまになった。
192,inside out,（表裏）逆さまに,You are wearing the T-shirt inside out.,Tシャツを逆さまに着ているよ。
192,upside down,（上下）逆さまに,He put the cup upside down on the kitchen counter to dry.,彼は乾かすためにコップをキッチンカウンターに逆さまに置いた。
193,vice versa,その逆もまた同様である,Dogs dislike cats and vice versa.,"犬は猫が嫌いで, その逆もまた同様だ。"
194,end up Ving,結局～する羽目になる・最後には～してしまう,"At first I thought I would finish this job by myself, but I ended up asking other people for help.","初めは1人でこの仕事を終わらせると思っていたが, 結局他人の援助を求めた。"
194,end up Ving,結局～する羽目になる・最後には～してしまう,"At first they got along with each other, but their marriage ended up in divorce.","初めは, 問題なくやっていたが, 彼らの結婚生活は結局離婚となった。"
195,on (the) average,平均して,One person possesses 2.9 credit cards on average.,平均して１人当たり2.9枚のクレジットカードを持っている。
196,have second thoughts,考え直す 再考する,I had second thoughts about my trip to Vietnam and decided not to go.,"私はベトナム旅行を考え直して, 行かないことにした。"
196,have second thoughts,考え直す 再考する,"On second thought, we gave up our plan of going to see a movie.","考え直してみて, 私たちは映画を見に行くという計画を断念した。"
197,pass for ～,～として通用する,You could pass for a famous actress when you get dressed up.,"あなたはドレスアップしたら, 有名な女優と言っても通用するだろう。"
198,operate on ～,～に手術をする,My grandmother was operated on last week.,"先週, 私の祖母は手術を受けた。"
198,operate on ～,～に手術をする,Please show me how to operate this machine.,このコピー機をどのように使うかを教えて下さい。
198,operate on ～,～に手術をする,We need additional amounts of money to operate a business in another country.,別の国で事業を運営するためにはさらにお金が必要となる。
199,dawn on 人,（真相がだんだんと）人に分かってくる,It dawned on me that nobody trusted me.,誰も私のことを信頼していないということが分かってきた。
200,by and large,概して 概ね," By and large, high school students these days have a smartphone.","概ね, 最近の高校生はスマートフォン
を持っている。"
201,out of date,時代遅れの 【注】🍎 87 p.17 参照,This kind of cell phone is ten years out of date.,このタイプの携帯電話は 10 年古い。
202,on the increase,増加している,The sales of computers is on the increase this year.,コンピュータの売り上げが今年は増加している。
203,on a diet,ダイエット中で, She has been on a diet for more than three weeks.,彼女は 3 週間前からダイエット中だ。 
204,stand for ～,① ～を表す ② ～の略字である,G.D.P. stands for Gross Domestic Product.,"G.D.P.は国民総生産を意味する。
"
205,pay a visit to ～,～を訪問する," In Japan, people customarily pay their first visit to a shrine during the New Year holidays."," 日本では, 正月休暇中に, 神社に初詣をする習慣があります。"
206,break through ～,① ～を突破する ② （強引に）～の突破口を切り開く,He broke through the difficulty in the end.,彼は最終的にその困難を突破した。
207,break into ～,～に押し入る ～に侵入する,Someone broke into our house while we were away.,私たちの留守中に誰かが家に侵入した。
208,break down,故障する,The copy machine has broken down. It needs repairing.,"そのコピー機は故障してしまった。
修理が必要だ。"
209,come across ～,① ～に偶然出会う ② ～を偶然見つける,I came across my grandfather on the street.,私はその通りで祖父に偶然出会った。
210,in the first place,① まず第一に ② そもそも,You shouldn’t have done that in the first place.,"そもそもそんなことをするべきではなかったよ。
"
211,a couple of ～,"① 2 つの～ ② 2, 3 の～",I have been to New Zealand a couple of times.,"私は 2, 3 回ニュージーランドに行ったことがあります。"
212,have ～ at one’s disposal,～を人が自由に使える,Sam has an enormous amount of money at his disposal.,サムは莫大なお金を自由に使うことができる。
213,prepare for ～,～の準備をする,I prepared for dinner for my family.,私は家族のために夕食の下準備をした。
213,prepare ～,① ～の準備をする,I prepared dinner for my family.,私は家族のために夕食を作った。
213,be prepared for ～,① ～の準備が整っている,We are prepared for the worst.,私たちは最悪の事態に備えている。
214,amount to ～,① （総計で）～になる ～に達する ② （結局）～ということになる,The total expenses of the project amounted to more than one million yen.,その企画の費用総額が100 万円以上になった。
214,amount to ～,① （総計で）～になる ～に達する ② （結局）～ということになる,What you say and do to your coworkers amounts to harassment.,同僚へのあなたの発言や行為は嫌がらせになる。
215,in any case,いずれにしても とにかく,"In any case, I am supposed to go there tomorrow.","いずれにしても, 私は明日そこへ行くことになっている。"
216,be subject to ～,① ～を受けやすい ② ～に服従している,Japan is subject to typhoons.,日本は台風を受けやすい。
216,be subject to ～,① ～を受けやすい ② ～に服従している,Students are subject to the rules of the school.,生徒は学校の規則に従っている。
216,be subject to ～,① ～を受けやすい ② ～に服従している,She is subject to temptation.,彼女は誘惑されやすい。
217,to ○○○ extent,○○○の程度まで,What he says is true to some extent.,彼の発言はある程度までは真実だ。
218,in short,つまり 要するに,"My boss has handed a pink slip to me. In short, I was fired.","上司は私に解雇通知を手渡した。
 つまり, 私はクビになったのだ。"
219,all night long,一晩中,It was snowing heavily all night long.,一晩中激しく雪が降っていた。
220,on one’s own,①独力で ②自分ひとりで,Do you think he did the job on his own?,あなたは彼が独力でその仕事をやったと思いますか。
221,take advantage of ～,①～を利用する ②～につけこむ,I took advantage of every opportunity I had.,私は自分にある全ての機会を利用した。
221,take advantage of ～,①～を利用する ②～につけこむ,The player is tall and talented. So he has advantages over others.,"その選手は背が高くて才能がある。
 だから他の選手より有利だ。"
222,in case S V～,S V する場合に備えて,You should make a spare of this key in case you lose it.,なくしてはいけないから（なくす場合に備えて）スペアキーを作っておきなさい。
222,in case S V～,S V する場合に備えて,I’ll take an umbrella just in case.,念のために傘を持って行きます。
223,at present,現在は,"Generally she lives in New York, but at present she is living in Boston.","普段彼女はニューヨークに住んでいるが, 現在はボストンに暮らしている。"
224,hear from ～,～から連絡がある ～から便りがある,We have not heard from him since he left Japan.,"彼が日本を去ってから, 連絡がない。"
225,at the expense of ～,～を犠牲にして,Such an economic program will help the rich at the expense of the poor.,"そのような経済計画は貧しい人を犠牲にして, 裕福な人を助けることになる。"
225,at the expense of ～,～を犠牲にして,He performed his duty at the expense of his health.,彼は自分の健康を犠牲にして義務を果たした。
226,be about to V,まさに～しようとしている,I was about to leave home when it began to rain.,"家を出ようとしたら, そのとき雨が降り出した。"
227,apart from ～,① ～はさておき ～は別として ② ～と切り離して,"Apart from jokes, I’m going to say something serious.","冗談はさておき, 真面目なことを言います。"
227,aside from ～,～はさておき ～は別として,"All joking aside, let’s get started now.","冗談はさておいて, もう始めましょう。"
228,be equal to ～,① ～と等しい ② ～をする能力がある,She has recovered quickly. I’m sure she is equal to the job now.,彼女はすぐに回復した。 きっと今その仕事をする力があると思う。
229,be absorbed in ～,～に夢中になっている,I was absorbed in YouTube last night.,私は昨夜ユーチューブに夢中になっていた。
229,be (totally) into ～,～に(完全に)夢中になっている,I am totally into YouTube these days.,私は最近ユーチューブに完全に夢中になっている。
230,date back to ～,～までさかのぼる,Its history is believed to date back to Roman times.,その歴史はローマ時代までさかのぼると信じられている。
231,do 人a favor,人の頼み事をきく,Can you do me a favor?,私のお願いを聞いてくれますか。
232,do 人 harm / do 人 damage,人に害を与える,Smoking does people around you a lot of harm.,喫煙は周囲の人に多大な害を与える。
232,do 人 harm / do 人 damage,人に害を与える,Smoking does a lot of harm to people around you.,喫煙は周囲の人に多大な害を与える。
233,do 人 good,人に利益を与える・人のためになる,"Reading a wide variety of books will do you good.
",様々な本を読むことはあなたのためになる。
233,do 人 good,人に利益を与える・人のためになる,"Reading a wide variety of books will do you good.
",様々な本を読むことはあなたのためになる。
233,do 人 good,人に利益を与える・人のためになる,Smoking does more harm than good.,喫煙は百害あって一利なし。
234,apply A to B,A をB に合わせる A をB に適用する,It is impossible to apply this rule to all the cases.,この規則を全ての事例に当てはめるのは不可能だ。
234,apply for ～,～に申し込む,A lot of people applied for the job interview.,多くの人がその仕事の面接に申し込んだ。
235,pull up,① (乗り物)が止まる ② (乗り物)を止める,A car pulled up in front of the hotel.,ホテルの前に車が止まった。
236,tear ～ up,～を引き裂く,He got angry and tore up the letter from her.,"彼は怒って, 彼女からの手紙を引き裂いた。"
237,with a view to Ving,～するために,Andrew came to Japan with a view to learning Japanese literature.,本文学を勉強するために日本にやってきた。
238,be located in ～,～に位置する ～にある,Our school is located in the center of the city.,私たちの学校は市の中心にある。
239,expose A to B,A をB にさらす A をB に触れさせる,It can be dangerous to expose your skin to strong sunshine.,肌を強い日光にさらすことは場合によっては危険だ。
239,expose A to B,A をB にさらす A をB に触れさせる,It is important for parents to expose their children to various activities.,親が子供に様々な活動に触れさせることは重要だ。
240,at first sight,一見したところ,"At first sight this game may sound exciting, but you will find it boring.","一見したところ, このゲームは面白そうだが, つまらないものだと分かりますよ。"
241,to one’s taste,～の好みに合っている,She gave me a necktie which was completely to my taste.,彼女は私の好みにピッタリ合っているネクタイをくれた。
241,to one’s taste,～の好みに合っている,I danced to the music. ,私は音楽に合わせて踊った。
241,to one’s taste,～の好みに合っている,I’m looking for the key to the safe.,私は金庫の鍵を探している。
242,to the effect that S V ～,～という趣旨の ～という内容の,I got a letter to the effect that he would resign.,私は彼が辞職するという内容の手紙を受け取った。
243,as of ～,～現在,The ruling party has secured 50 seats as of 5 o’clock.,与党は 5 時現在で 50 議席確保している。
244,blow ～ up,① ～を爆破させる ② ～が爆破する,They blew up the bridge because it was about to collapse.,"崩壊しかけていたので, 彼らはその橋を爆破した。"
245,bring ～ home to 人,～を人に痛感させる,The movie brought home to me the realities of the war.,その映画は私に戦争の現実を痛感させた。
246,S come home to 人,S が人に痛感する,The realities of the war came home to me when I saw the movie.,"その映画を見たとき, 戦争の現実が私に痛感した。"
247,come near to Ving / come close to Ving,もう少しで～しそうになる,I came close to being hit by the car.,私はもう少しで車に轢かれるところだった。
248,come to terms with ～,① （不快なことや困難なこと）を受け入れる,She had to come to terms with the reality and get over the shock.,"彼女は現実を受け入れて, ショックを克服しなければならなかった"
249,dispose of ～,～を処分する,We are going to dispose of all the old furniture in our house.,家の中にある古い家具を全て処分するつもりだ。
250,go out of one’s way to V,わざわざV する,He went out of his way to give us some advice.,彼はわざわざ私たちにいくつか助言をしてくれた。
251,allow for ～,～を考慮する ～を見越す,We should allow for the possibility of heavy traffic when we estimate travel time.,"移動時間を推定するには, 渋滞の可能性を考慮するべきだ。"
252,in proportion to ～,～に比例して 【注】 proportion は「比率」「割合」の意味。,The wages should be paid in proportion to the work done.,賃金はやった仕事に比例して支払われるべきだ。
253,in return for ～,～のお返しに ～と引き換えに,He received a ticket in return for the money.,彼はお金と引き換えにチケットを受け取った。
254,needless to say,言うまでもなく,"Needless to say, I don’t want to work here any more.","言うまでもなく, もはやここでは働きたくない。"
255,it goes without saying that S V,S V なのは言うまでもない,It goes without saying that honesty is the best policy.,正直が最善の策であることは言うまでもない。
256,be acquainted with ～,～と知り合いである,I have been acquainted with him for more than twenty years.,彼とは 20 年以上の知り合いだ。
257,make progress,進歩する,She has recently made great progress in German.,彼女は最近ドイツ語がすごく進歩した。
258,on top of that,さらに ← on top of that,"I was really tired. On top of that, I was drunk.",私は本当に疲れていた。 さらに酔っぱらっていた
259,in the long run,長い目で見ると 結局,I believe that your effort will pay in the long run.,あなたの努力は長い目で見ると報われると思います。
260,now (that) S V,今はもう～なので,"Now that you are a high school student, you must stop this childish behavior.","もう高校生なので, このような子供じみたふるまいを止めなさい。"
261,be suitable for ～,～に適している ～にふさわしい,His speech was suitable for the occasion.,彼のスピーチはその場にふさわしいものだった。
262,by accident,偶然に,We didn’t plan it. We met by accident.,私たちは計画していたのではない。偶然出会ったのだ。
263,give way (to～),（～に）譲る （～に）屈する,I had to give way to a big truck in front of me.,私は前にいた大型トラックに譲歩しなければならなかった。
264,go to sleep,眠りにつく,"I went to sleep at nine o’clock, and woke up at six.","私は 9 時に就寝し, 6 時に目が覚めた。"
264,fall asleep,（うっかり）眠る,The class was so boring that I fell asleep.,"授業がとても退屈だったので, 寝てしまった。"
265,live from hand to mouth,その日暮らしをする,In those days we lived from hand to mouth.,"その当時, 私たちはその日暮らしをしていた。"
266,watch out,気をつける,Watch out. There is a car coming.,気をつけろ。 車が来ているぞ。
267,in haste,急いで,"Written in haste, this essay is full of mistakes.","急いで書かれたので, この作文は間違いだらけだ。"
268,in the company of ～,～と一緒にいる,I feel relaxed in the company of him.,彼と一緒にいると落ち着く。
269,hold ～ back,（前に出ようとするもの）を抑える・阻止する,We found it difficult to hold back our tears at the funeral.,葬式ではなかなか涙をこらえることができなかった。
270,hold one’s tongue,黙る,Hold your tongue and listen to me.,"黙って, 私の言うことを聞きなさい。"
271,keep track of ～,～を追跡する ～の動向を把握する ～を見失わない,Be sure to keep track of his movements.,彼の動きを見失わないように。
271,lose track of ～,～を見失う,I lost track of the man in the woods.,林の中でその男を見失った。
272,take one’s time,（急がず時間をかけて）ゆっくりやる,Take your time. I’m not in a hurry.,ゆっくりやって下さい。 私は急いでいません。
273,in the absence of ～,～がなければ,"In the absence of air and water, no living thing could live on this planet.","空気と水がなければ, どんな生き物もこの星で生きられないだろう。"
274,be particular about ～,（嗜好や好み）にうるさい,My father is particular about what he wears.,私の父は着るものにうるさい。
275,be superior to ～,～よりも優れている,I think this car is superior to that one in quality.,私はこの車のほうがあの車よりも質が良いと思う。
276,be willing to V,① 嫌がらずに～する ② 進んで～する,Scientists are willing to discard their theories if someone disproves them.,"科学者は誰かが反証したら, 自分の理論を捨てるのを厭わない。"
277,be reluctant to V,～したがらない,They are reluctant to do business with Japanese people.,彼らは日本人とビジネスをしたがらない。
278,in mind,考えがあって,I have something in mind.,私には考えがある。
278,in mind,考えがあって,I have something on my mind.,私には気掛かりなことがある。
278,in mind,考えがあって,"When he drinks, he often goes out of his mind.","お酒を飲むと, 彼はよく気が狂ってしまう。"
279,What has become of ～?,～はどうなったのか?,What has become of that singer?,あの歌手はどうなったの?
280,specialize in ～,① (お店などが)～を専門に扱う ② ～を専攻する,This shop specializes in books on history.,このお店は歴史の本を専門に扱っている。
281,be sensitive to ～,～に敏感である,Parents are required to be sensitive to the needs of their children.,親は子供の必要に敏感であることが求められる。
282,take ～ into account,～を考慮に入れる,He never takes into account the fact that I am really busy.,彼は私が本当に忙しいということを全く考慮に入れていない。
283,～ come about,～が生じる ～が起こる,How did this change come about?,どうしてこのような変化が起こったのですか。
283,～ come about,～が生じる ～が起こる,What has brought about this change?,なぜこのような変化が起きたのですか。
284,How come S V ～?,どうして～?,How did it come about that summer in Tokyo is hotter than it used to be?,どうして東京の夏は昔よりも暑くなったのですか。
284,How come S V ～?,どうして～?,How come summer in Tokyo is hotter than it used to be?,どうして東京の夏は昔よりも暑くなったのですか。
285,refrain from Ving ～,～することを慎む,Refrain from smoking here.,ここでの喫煙はご遠慮下さい。
286,lose sight of ～,～を見失う,We lost sight of the yacht in the ocean.,私たちは海の中でそのヨットを見失った。
287,in practice,実際には,"In theory this plan seems possible, but in practice it is very difficult.","理論上は, この企画は可能なように思えるが, 実際はとても難しい。"
288,these days,最近,These days more and more people are traveling abroad.,今日ますます多くの人が海外旅行をしている。
288,in those days,その当時 ← in those days,"I was born in the 1950s. In those days, very few people traveled abroad.","私は 1950 年代に生まれた。 その当時, 海外旅行をする人々はとても少なかった。"
289,run out of ～,～がなくなる ～を使い果たす,"I ran out of money, so I asked my parents for help.","私はお金を使い果たしてしまったので, 両親に助けを求めた"
290,be short of ～,～が不足している 必要金額 今の所持金,I am short of money now. Can you lend me some?,今金欠なんです。少しお金を貸してくれませんか。
291,turn ～ off,（電気やガス）をけす,Be sure to turn off the light before going to bed.,就寝前に必ず電気を消してください。
292,to the point,的を射た,What he said at the meeting was to the point.,彼の会議での発言は的を射たものだった。
292,beside the point,的はずれな,What he said at the meeting was beside the point.,彼の会議での発言は的はずれだった。
293,once (and)for all,きっぱりと,He told me once and for all that he would give up smoking.,彼はきっぱりとタバコを止めると私に言った。
294,rule ～ out,～を除外する ～を排除する,We cannot rule out the possibility of a riot.,暴動の可能性は排除できない。
295,by nature,①生まれつき ② 根は,He is emotional and aggressive by nature.,"彼は生まれつき感情が激しく, 積極的だ。"
296,for the time being,当分の間,We are going to stay at this hotel for the time being.,"当分の間, 我々はこのホテルに泊まるつもりだ。"
297,back and forth,前後に あちこちに,I saw the man walking back and forth on the street.,私はその男性が通りをあちこちに歩いているのを目にした。
297,here and there,ところどころ ちらほら,You can find convenience stores here and there in this town.,この町ではコンビニがところどころにあります。
298,sooner or later,遅かれ早かれ いずれ,We’ll have to tackle the problem sooner or later.,遅かれ早かれその問題に取り組まなければならなくなる。
299,behind one’s back,影で 人のいないところで,You should not say bad things about others behind their back.,影で人の悪口を言うべきではない。
300,make a living,生活費を稼ぐ,It’s hard to make a decent living as a musician.,ミュージシャンとしてまともに生活費を稼ぐことは難しい。
301,under construction,建設中,A new building is under construction.,新しい建物が建設中だ
301,under construction,建設中,A new building is being constructed.,新しい建物が建設中だ
302,under pressure,プレッシャーを受けて 重圧を受けて,Many people try to avoid working under pressure.,"多くの人は, プレッシャーを受けて仕事をするのを避けようとする。"
302,under stress,ストレスを受けて ストレスを感じて,Many people in this workplace are under a lot of stress every day.,この職場の多くの人は毎日大きなストレスを受けている。
303,deal with ～,（困難なこと）に対処する,His job is to deal with customer complaints.,彼の仕事は顧客の苦情に対処することだ。
303,cope with ～,～にうまく対処する,He will cope with difficult situations.,彼は困難な状況にうまく対処できるだろう。
304,on behalf of ～,～を代表して,Linda gave a thank-you speech to the teachers and parents on behalf of all the graduating students.,"リンダは全卒業生を代表して, 教員と父母に感謝の辞を述べた。"
305,go from bad to worse,ますます悪化する,Things went from bad to worse.,事態はますます悪化した。
306,deprive O of ～,O から～を奪う,The disaster deprived us of our happiness.,その災害で我々は幸福を奪われた。
306,deprive O of ～,O から～を奪う,The man robbed the elderly woman of her handbag.,"その男は老婦人を襲って, ハンドバッグを奪った。"
306,deprive O of ～,O から～を奪う,The man robbed the bank.,その男は銀行を襲った。
306,deprive O of ～,O から～を奪う,The men robbed the ship.,その男たちは船を襲った。
307,see 人 off,人を見送る,We saw him off at the airport.,私たちは空港で彼を見送った。
308,hang up,電話を切る,"Don’t hang up. Hold on, please.",電話を切らないで。 そのままお待ちください。
308,hold the line,電話を切らずに待つ,Would you please hold the line for a few seconds? I’ll transfer your call.,しばらくの間切らずにお待ちいただけますか。電話をおつなぎいたします。
309,on end,続けて たて続けに 連続して,I worked for three days on end.,私は 3 日間続けて仕事をした。
309,on end,続けて たて続けに 連続して,I won three times in a row.,私は 3 連勝した。
310,in danger,危険な状態で,This motorbike rider is dangerous. The man is in danger.,このバイク走者は危険だ。 その男性の身が危ない。
311,painful,痛い 苦しい,This injection was very painful to the child.,この注射はその子供にはとても痛かった。
311,in pain,痛い 苦しい,The child was in a lot of pain after the injection.,"注射の後, その子供はとても痛がっていた。"
312,in need of ～,～を必要としている,A wheelchair is necessary for him.,彼には車椅子が必要だ。
312,in need of ～,～を必要としている,He is in desperate need of a wheelchair.,彼は車椅子を切実に必要としている。
312,in need of ～,～を必要としている,We are raising money to help people in need.,私たちは困っている人を助けるためにお金を集めている。
313,from ～ point of view,～の観点から,He cannot see the matter from our point of view.,彼は我々の観点からその問題を見ることができない。
314,break up,① 解散する ② （パーティなどが）終わる ③ 〈夫婦や恋人などが〉別れる,The meeting finally broke up at ten.,会議がようやく 10 時に終わった。
314,break up,① 解散する ② （パーティなどが）終わる ③ 〈夫婦や恋人などが〉別れる,My wife and I broke up last year.,妻と私は昨年別れました。
315,break out,（戦争や火事などが）勃発する,The war broke out when I was in England.,"私がイギリスにいたときに, その戦争が勃発した。"
316,call on 人,人を訪ねる,"I called on my grandparents last Sunday, but they were not at home.","この前の日曜日に祖父母を訪ねたが,彼らは家にいなかった。"
316,call on 人,人を訪ねる,She called on her father to take her to the amusement park.,彼女はお父さんに遊園地に連れて行ってとせがんだ
317,scary,怖い 恐ろしい,The robber was very scary. I was very scared of the robber.,その強盗はとても怖かった。
317,be scared of ～,～に怖がる ～に怖える,I was very scared of the robber.,私はその強盗がとても怖かった。
318,advantageous,有利な disadvantageous:不利な,The condition is advantageous for me.,その条件は私にとって有利だ。
318,at an advantage,有利な状態（立場）にある at a disadvantage:不利な状態（立場）にある,I am at an advantage compared to others.,私は他の人と比べると有利な状態にある。
318,advantageous,有利な disadvantageous:不利な,The debt is disadvantageous to me.,借金が私には不利だ。
,advantageous,有利な disadvantageous:不利な,I am at a disadvantage compared to others.,私は他の人と比べると不利な状態にある。
318,advantageous,有利な disadvantageous:不利な,The huge debt put the man at a disadvantage.,"巨額の借金のせいで, その男性は不利な状態になった。"
319,keep ～ off,～に近寄らない ～から離れている,There was a sign saying “Keep off the grass.”,「芝生への立ち入り禁止」と書かれた札があった。
320,die out,絶滅する,Dinosaurs died out millions of years ago.,恐竜は何百万年も前に絶滅した。
320,become extinct,絶滅する,A lot of plants and animals in this area are becoming extinct.,この地域の多くの動植物は絶滅しつつある。
321,take to 人,～を（すぐに）好きになる,"When I introduced Bob to Nancy, they seemed to take to each other immediately.","ボブをナンシーに紹介したとき, 彼らはすぐにお互いを気に入ったようだった。"
322,make do with ～,～で済ます ～で我慢する,I usually make do with a glass of vegetable juice for breakfast.,"普段, 朝食にはコップ一杯の野菜ジュースで済ませている。"
323,do without ～,～なしでやっていく ～なしで済ます ～なしで我慢する,It is difficult to do without a car in this business.,この仕事は車なしでやっていくことは難しい。
324,believe in ～,～の（存在・人格・価値・能力）を信じている,My daughter still believes in Santa Claus. ,娘はまだサンタクロースの存在を信じている。
324,believe in ～,～の（存在・人格・価値・能力）を信じている,You can do it if you believe in yourself.,"自分の力を信じているなら, それができるよ。"
324,believe in ～,～の（存在・人格・価値・能力）を信じている,I believe you.,君の言ったことを信じている。
325,tell on 人,人の体に悪影響を及ぼす 人の体にこたえる,Hard work was beginning to tell on him.,激務が彼の体に悪影響を及ぼし始めていた。
326,tell 人 off,～を叱りつける,The teacher told me off for coming to school late.,先生は遅刻してきたことに対して私を叱りつけた。
326,tell 人 off,～を叱りつける,John got told off for sleeping during the class.,"ジョンは授業中, 居眠りをしていたので叱られた。"
327,fall victim to ～,～の犠牲になる fall,She fell victim to the disaster.,彼女は災害の犠牲になった。
328,put ～ out,（火やタバコなど）を消化する 消す,The firefighters put out the fire in an hour.,消防隊員は一時間で消火した。
329,fall behind ～,～に遅れをとる,Tom began to fall behind the rest of the students in his studies.,トムは他の生徒よりも勉強が遅れ始めた。
330,come to,意識が回復する,"I was hit by a motorbike on the street, and when I came to, I was on the hospital bed.","私はその通りでバイクに轢かれ, 意識が回復したときは, 病院のベッドの上だった。"
331,on and off,① 断続的に ② 時々,The light is flashing on and off.,明かりが点滅している。
331,on and off,① 断続的に ② 時々,It rained on and off yesterday.,昨日は雨が降ったりやんだりしていた。
332,have a flat tire,タイヤがパンクしている,We had a flat tire on our way to the destination.,目的地に行く途中タイヤがパンクしていた。
333,pull one’s leg,人をからかう,Tomorrow is not a holiday. Don’t believe George. He’s just pulling your leg.,明日は休日じゃないよ。 ジョージの言うことを信じないで。 君をからかっているだけだよ。
334,stay up,（寝ないで）起きている,My son stayed up late last night.,息子は昨夜遅くまで起きていた。
,stay up,（寝ないで）起きている,I was waiting up for my husband to come home.,私は夫が帰宅するのを起きて待っていました。
335,make it to ～,（どうにか）～に間に合う たどり着く,I made it to the station before the train left.,電車が出る前に私は駅にたどり着いた。
335,make it to ～,（どうにか）～に間に合う たどり着く,My son has an important exam next week. I hope he will make it.,息子は来週重要な試験がある。うまくいってくれるといいのですが。
336,just around the corner,すぐ近くに来ている すぐ近くにある,The summer vacation is just around the corner.,夏休みはすぐそこまで来ている。
336,just around the corner,すぐ近くに来ている すぐ近くにある,Tom is coming just around the corner.,トムがすぐそこまで来ている。
337,have words with ～,～と口論する,I often have words with my wife about my son.,私はよく息子のことで妻と口論する。
338,wait on ～,～に仕える,Have you been waited on?,御用をお伺いしておりますか。
339,fall on 日時や曜日,～に当たる,My birthday falls on a Sunday this year.,"今年, 私の誕生日は日曜日に当たる。"
340,fall apart,① バラバラになる ② 破綻する,I heard a dish fall apart in the distance.,遠くでお皿が落ちて割れる音が聞こえた。
341,take in ～,① ～を理解する ② ～を騙す ③ （子供など）を引き取る・預かる,It took me a while to take in what this book said.,この本の内容を理解するのにしばらく時間がかかった。
341,take in ～,① ～を理解する ② ～を騙す ③ （子供など）を引き取る・預かる,I was taken in by the salesman and bought a very expensive product.,"私はセールスマンに騙されて, 非常に高額な商品を買ってしまった。"
341,take in ～,① ～を理解する ② ～を騙す ③ （子供など）を引き取る・預かる,"After my mother’s death, my aunt took me in.","母の死後, 叔母が私を引き取った。"
342,bring out ～,① ～を引き出す ② （新商品）を販売する ③（本）を出版する,Her new book will be brought out next spring.,"彼女の新しい本は, 来春出版されます。"
342,bring out ～,① ～を引き出す ② （新商品）を販売する ③（本）を出版する,Her new book will come out next spring.,"彼女の新しい本は, 来春出版されます。"
342,bring out ～,① ～を引き出す ② （新商品）を販売する ③（本）を出版する,The cherry blossoms come out in April.,4月に桜の花が咲く。
342,bring out ～,① ～を引き出す ② （新商品）を販売する ③（本）を出版する,The secret came out.,秘密が漏れた。
343,at the mercy of ～,① ～に翻弄されて ②～に好き放題されて,His life was at the mercy of the king.,彼の生活は王様に翻弄されていた。
343,at the mercy of ～,① ～に翻弄されて ②～に好き放題されて,Our life is at the mercy of natural disasters.,私たちの生活は自然災害に翻弄されている。
344,work out,① 運動する （身体を）鍛える ② （考えや策）を出す ③ ～を解決する,I work out at a gym a few times a week.,"私は週に2, 3回ジムで運動している。"
344,work out,① 運動する （身体を）鍛える ② （考えや策）を出す ③ ～を解決する,"In view of the failure, we should work out a new approach.","失敗を考えると, 私たちは新しい方法を考え出すべきだ。"
344,work out,① 運動する （身体を）鍛える ② （考えや策）を出す ③ ～を解決する,"If you cannot work out the problem, you should try a different approach.","その問題が解決できないなら, 違った方法を試すべきだ。"
345,live up to ～,（期待など）に添う ～に応える,He tries his best to live up to his parents’ expectations.,彼は両親の期待に応えるために最善を尽くしている。
346,by virtue of ～,～のおかげで,She believes that she was able to succeed by virtue of her effort.,彼女は自分の努力のおかげで成功することができたと思っている。
347,next to nothing,ほとんどない,"When it comes to cars, he knows next to nothing.","車のこととなると, 彼はほとんど何も知らない。"
347,next to impossible,ほとんど不可能な,It is next to impossible for us to finish it in a day.,私たちが1日でそれを終わらせることはほとんど不可能だ。
348,hang out,遊ぶ つるむ ぶらつく,I’m going to hang out with my friends today.,今日は友達と遊びに行くつもりだ。
349,except for ～,～以外,The room was empty except for the woman. ,その女性以外部屋には誰もいなかった。
349,except ～,～以外,Nobody except the woman was in the room. ,その女性以外誰もその部屋にいなかった。
349,except for ～,～以外,"Besides basketball, he is good at volleyball.","バスケットボール以外に, 彼はバレーボールが得意だ。"
350,other than ～,～以外,I don’t watch TV other than news programs.,"ニュース番組以外, 私はテレビを見ない。"
350,other than ～,～以外,In our school we have to study one more foreign language other than English.,"私たちの学校では, 英語以外にもう一カ国語を勉強しなければいけません。"
351,by word of mouth,口コミで,The reputation of the new restaurant spread by word of mouth.,その新しいレストランの評判は口コミで広がった。
352,get in touch with ～ / get in contact with ～,～と連絡を取る,You can get in touch with me at the office at any time.,"職場でしたら, いつでも私と連絡を取ることができます。"
352,keep in touch with ～ / stay in contact with ～,～と連絡を取り続ける,"We went to different colleges, but we still stay in contact with each other.","私たちは違う大学に進学したが, 今でもお互いに連絡を取り続けている。"
353,conduct a study of ～,～に関する研究を行う,A study was conducted of how young children perceive the world around them.,幼い子供が周りの世界をどのように捉えているかに関する研究が行われた。
354,over a cup of tea,お茶を飲みながら over,Let’s talk about it over a cup of tea.,お茶を飲みながらそのことについて話し合いましょう。
354,over dinner,夕食を食べながら,We discussed the matter over dinner.,私たちは夕食を食べながらその件について話し合った。
355,be committed to Ving / be committed to V,～に打ち込んでいる ～に傾倒している,They are fully committed to preparing for the Olympics.,彼らはオリンピックの準備に完全に打ち込んでいる。
356,within A of B,B からA 以内に,This website shows all the restaurants within ten minutes’ walk of the station.,このウェブサイトは駅から徒歩10分以内にあるレストランをすべて表示している。
357,beyond one’s understanding,～の理解を越えている ～には全く分からない,This math class is beyond my understanding.,この数学の授業は私には全く分からない。
358,have one’s（own）way,わがままを通す 自分の思いどおりにする,"Tom always tries to have his own way, so I don’t like him.","トムはいつもわがままを通そうとするので, 私は彼のことが好きではない。"
359,accuse A of B,① A をB のことで非難する,Peter accused her of stealing his money.,ピーターはお金を盗んだことで彼女を非難した。
359,accuse A of B,① A をB のことで非難する,Peter was accused of murder.,ピーターは殺人罪で告訴された。
359,criticize A for B,A をB のことで批判する,Peter criticizes me for everything I do.,ピーターは私のすること全てに批判する。
360,go so far as to V,V までする,She went so far as to say that all the money in the wallet should be cleaned.,彼女は財布の中のお金を全て洗うべきとまで言った。
361,cut in,（人の話）をさえぎる,"When I was expressing my ideas, someone cut in to argue with me.","私が自分の考えを述べていた時, 誰かが私と議論しようとして話を遮った。"
362,take back 発言,（発言や失言）を撤回する,I’m sorry. I will take back what I have just said.,すいません。 たった今申し上げたことを撤回します。
363,run for ～,～に立候補する ～に出馬する,He will run for president in the next election.,彼は次の選挙で大統領に立候補するだろう。
364,put A through to B,（電話で）A の電話をB につなぐ,"Excuse me, but could you put me through to Mr. David?","すいませんが, 私の電話をディビッドさんにつないでいただけますか。"
365,in an effort to V,～しようとして,He jumped out of a window in an effort to escape.,"彼は逃げようとして, 窓から飛び出た。"
366,keep one’s temper,冷静さを保つ,"John tried to keep his temper, but he lost his temper and left the room.","ジョンは冷静さと保とうとしたが, 急に怒って部屋を出て行った。"
367,line up,並ぶ,I saw four men lining up there.,私は4人の男性がそこで並んでいるのを見た。
367,in line,並んで,I saw four men standing in line there.,私は4人の男性がそこで並んでいるのを見た。
368,show 人 around 場所,人に場所を案内する,She showed me around the house.,彼女は私に家の中を案内してくれた。
369,(at) second hand,①間接的に ②中古で,We bought this house second hand.,私たちは中古でこの家を買った。
370,put ～ to use,～を活用する,It is difficult to put this theory into practice.,この理論を実践することは難しい。
371,change trains,電車を乗り換える,You need to change trains at the next stop.,次の駅で電車を乗り換える必要があります。
372,close down,（お店などが）閉店する 廃業する,I hear that the bakery closed down last month.,そのパン屋は先月廃業したようだ。
373,can afford to V,～する余裕がある,We cannot afford to buy a new car.,私たちは新車を買う余裕がない。
373,can afford to V,～する余裕がある,I’m saving money until I can afford a new car.,"私は新車が買える余裕があるようになるまで, お金を貯めている。"
374,run over ～,（乗り物が）～を轢く,He was run over by the truck and taken to the hospital.,"彼はトラックに轢かれて, 病院に運ばれた。"
375,in honor of ～,～に敬意を表して ～を称えて ～を記念して,This movie was made in honor of the soldiers of World War Ⅱ.,この映画は第2次世界大戦の兵士たちに敬意を表して作られた。
376,give ～ off,（光・音・臭い・蒸気・オーラなど）を発する 放つ,That factory gives off harmful substances.,あの工場は有害な物質を出している。
376,give ～ off,（光・音・臭い・蒸気・オーラなど）を発する 放つ,This toilet gives off terrible smell.,このトイレはひどい臭いを放っている。
377,比較級 than X combined,X を合わせたよりも～,England has produced more great poets than all other countries combined.,英国は他のすべての国を合わせたよりも多くの偉大な詩人を輩出してきた。
377,比較級 than X put together,X を合わせたよりも～,England has produced more great poets than all other countries put together.,英国は他のすべての国を合わせたよりも多くの偉大な詩人を輩出してきた。
378,long for ～,～を切望する ～を待ちわびる ～に憧れる,I’m longing for a long vacation.,私は長期休暇を待ちわびている。
378,long to V,～することを切望する ～したくてたまらない,She is longing to go to Paris to learn cooking.,彼女は料理を学ぶためにパリに行きたがっている。
379,come up,①（特定の行事が）やってくる 近づいてくる,Our wedding ceremony is coming up.,私たちの結婚式が近づいている。
379,come around,（周期的に行われる行事や季節が）やってくる 巡ってくる,A summer vacation is coming around.,春休みが近づいている。
380,come into being,"（国, 組織, 生命, 法律が）誕生する",Do you know when the law came into being?,その法律がいつ誕生したのか知っていますか。
381,stir up,①～をかき回す ②（感情）をひっかき回す かき立てる ③（騒ぎ）を巻き起こす,What he said to me stirred up my anger.,彼が私に言ったことは私の怒りをかき起てた。
381,stir up,①～をかき回す ②（感情）をひっかき回す かき立てる ③（騒ぎ）を巻き起こす,The politician’s scandal stirred up a demonstration against the government.,その政治家の不祥事は政府に反対するデモを巻き起こした。
382,at best,良くても～くらい 最高でも～くらい,I will get an average mark at best on the exam.,テストでは良くても平均点しか取れないだろう。
382,at worst,悪くても～くらい 最悪でも～くらい,I will get an average mark at worst on the exam.,テストでは悪くても平均点は取れるだろう。
383,at one’s best,最高の状態で 絶好調で,The cherry blossoms are at their best now.,その桜の花は今が最高の状態だ。
384,be fed up with ～,～にうんざりしている,I’m fed up with the same practice every day.,毎日同じ練習にうんざりしている。
385,on board,乗っている,Look! A man is on board.,見てごらん。 男性が1人乗っているよ。
385,on board,乗っている,"All passengers are on board now, so we will take off in a few minutes.","今, 乗客が全員搭乗しましたので, あと数分で離陸します。"
386,to one’s surprise,驚いたことだが 驚いたことに,Tim won the first prize at the contest to our surprise.,"ティムはコンテストで一等賞を獲得し, 私たちは驚いた。"
386,to one’s surprise,驚いたことだが 驚いたことに,"To our surprise, Tim won the first prize at the contest.","驚いたことだが, ティムはコンテストで一等賞を獲得した。"
386,to one’s surprise,驚いたことだが 驚いたことに,"To our great joy, Tim won the first prize at the contest.","非常に嬉しかったことだが, ティムはコンテストで一等賞を獲得した。"
386,to one’s surprise,驚いたことだが 驚いたことに,"To the disappointment of my parents, I couldn’t win the first prize at the contest.","両親ががっかりしたことだが, 私はコンテストで一等賞を獲得することができなかった。"
387,gain weight,体重が増える 太る 🍎 388. lose weight: 体重が減る 痩せる,My father has gained a lot of weight.,父は非常に太った。
387,put on weight,体重が増える 太る take off weight: 体重が減る 痩せる,My father has put on a lot of weight. ,父は非常に太った。
388,lose weight,体重が減る 痩せる,My father has lost a lot of weight. ,父は非常に痩せた。
388,take off weight,体重が減る 痩せる,My father has taken off a lot of weight. ,父は非常に痩せた。
389,all the way,① （道中）ずっと ② はるばる わざわざ,I had to all the way to the station.,私は駅までずっと走らなければならなかった。
389,all the way,① （道中）ずっと ② はるばる わざわざ,Thank you for coming all the way to Tokyo.,はるばる東京までお越しいただきありがとうございます。
390,reflect on ～,（過去の言動など）をじっくり考える,Take time to reflect on your successes and failures.,"時間をかけて, うまくいったことといかなかったことをよく考えて下さい。"
390,reflect on ～,（過去の言動など）をじっくり考える,Stop dwelling on the past.,過去のことについてくよくよ考えるのを止めなさい。
391,rich in ～,～が豊富にある,Australia is rich in natural resources.,オーストラリアは天然資源が豊富だ。
391,poor in ～,～が乏しい,Japan is poor in natural resources.,日本は天然資源が乏しい。
392,trial and error,試行錯誤,I learned about gardening through trial and error.,私は試行錯誤を通じてガーデニングを学んだ。
393,in the corner of ～,～の隅に,There is a bench in the corner of the park.,その公園の隅にベンチがある。
393,on the corner of ～,～の角に in the corner → on the corner,There is a post on the corner of the street.,その通りの角に電柱がある。
394,attend to ～,①（お客など）に応対する ← flight attendant は機内の「接客係」,Please take a seat. I’ll attend to you shortly.,おかけになって下さい。 まもなく応対させて頂きます。
394,attend to ～,①（お客など）に応対する ← flight attendant は機内の「接客係」,You should attend to what your boss is saying.,君は上司が言うことを注意して聞くべきだ。
395,as it turned out ～,実際にどうだったかというと～だった 実際には～だった,"We thought Tom was cold-hearted, but as it turned out, he was very kind.","私たちはトムが心の冷たい人だと思っていたが, 実際はとても優しかった。"
395,it turned out that S V ～,実際にどうだったかというと～だった 実際には～だった,"We thought Tom was cold-hearted, but it turned out that he was very kind.","私たちはトムが心の冷たい人だと思っていたが, 実際はとても優しかった。"
396,aim to V,～することを目指す ～することを心がける,Education should aim to develop potential abilities.,教育は潜在能力を磨くことを目指すべきだ。
396,aim at Ving,～することを目指す ～することを心がける,Softdrink commercials are aimed mainly at teenagers.,清涼飲料のコマーシャルは主に10代の若者を対象としている。
397,for all ～,～があるにも関わらず あれだけの～にも関わらず,"For all his wealth, he lives very frugally.","財産があるにも関わらず, 彼は非常に質素な暮らしをしている。"
397,for all ～,～があるにも関わらず あれだけの～にも関わらず,She does not look happy for all her success.,"あれだけの成功をおさめたにも関わらず, 彼女は幸せそうに見えない。"
398,mean to V,～するつもりである,I didn’t mean to hurt you.,あなたを傷つけるつもりはなかった。
399,owe X Y,① X にY を借りている ② X にY の恩を感じている,I owe my parents a lot of money.,私は両親に多額のお金を借りている。
399,owe X Y,① X にY を借りている ② X にY の恩を感じている,I owe my success to my parents.,私は自分の成功は両親のおかげだと思っている。
400,give ～ away,① （無料で）～をあげる ～を配る ② （秘密）を暴露する もらす,The restaurant owner gave away food to children in need.,そのレストランのオーナーは困窮している子供に食べ物を無料で提供した。
400,give ～ away,① （無料で）～をあげる ～を配る ② （秘密）を暴露する もらす,He gave away the secret to us.,彼は私たちに秘密をもらした。
401,come under attack,攻撃を受ける 非難される,"The city has come under attack, so everyone is in a panic now.","その都市は攻撃を受けたので, 今すべての人がパニックだ。"
402,at risk,危ない,Removing the bomb is very risky. The man is at risk.,その爆弾を処理することはとても危険だ。 その男性の身が危ない。
402,at risk,危ない,Removing the bomb put the man at risk.,"爆弾処理のせいで, その男性の身が危険だった。"
403,go bankrupt,破産する,The company went bankrupt last week.,その会社は先週破産した。
403,go out of business,廃業する,The shop went out of business last week.,そのお店は先週廃業した。
404,figure ～ out,～がわかる ～を把握する,I can’t figure out what it is.,それが何なのか分からない。
404,figure ～ out,～がわかる ～を把握する,How did you figure that out?,どうしてそんなことが分かったの?
405,be better off,良い生活をしている 暮らし向きがよい,"Taro is better off than he was ten years ago, but Jiro is worse off.","太郎は10年前よりも良い生活をしているが, 次郎は辛い生活をしている。"
405,be better off,良い生活をしている 暮らし向きがよい,You will be better off living in the countryside.,君は田舎暮らしをするほうが良い生活になるよ。
406,in (the) light of ～,～の観点から ～を考慮して,We decided to cancel the outdoor event in light of the weather forecast.,"天気予報を考慮して, 私たちは野外イベントを中止することに決めた。"
407,get into ～,～に乗る get out of ～：～から降りる,I got into a taxi at Osaka Station and got out of it near the post office.,"私は大阪駅でタクシーに乗り, 郵便局の近くで降りた。"
407,get on ～,～に乗る get off ～：～から降りる,I got on a bus at Osaka Station and got off at the post office.,"私は大阪駅でバスに乗り, 郵便局の近くで降りた。"
407,get into ～,～に乗る get out of ～：～から降りる,"I couldn’t take a bus last night, so I took a taxi to go home.","昨夜バスに乗れなかったので, タクシーに乗って帰宅した。"
407,get into ～,～に乗る get out of ～：～から降りる,I was so tired that I fell asleep when I was on the bus.,"とても疲れていたので, バスに乗っているときに寝てしまった。"
408,be on the point of Ving,（まさに）～しようとしている,"I was on the point of diving into the river, but I didn’t.","私は川に飛び込もうとしていたが, しなかった。"
409,weigh A against B,A をB と比較検討する A をB と天秤にかける,Be sure to weigh the positive aspects against the negative ones.,必ずプラス面をマイナス面と比較して検討するように。
410,be lost in thought,もの思いにふけいっている 考え事をしている,I was lost in Hokkaido.,私は北海道で道に迷った。
410,be lost in thought,もの思いにふけいっている 考え事をしている,I was lost in thought.,私はもの思いにふけいっていた。
411,go off,（セットした爆弾が）爆発する,A bomb went off in a crowded street.,"混雑した通りで, 爆弾が爆発した。"
411,go off,（セットした爆弾が）爆発する,An alarm clock went off.,目覚ましが鳴った。
412,beat around the bush,遠回しに言う,Don't beat around the bush. Get to the point.,遠回しに言わないで。要点を言って下さい。
413,get the better of ～,～を負かす・～に打ち勝つ,No one can get the better of him in an argument.,誰も議論で彼に勝てない。
413,get the better of ～,～を負かす・～に打ち勝つ,Temptation got the better of me.,私は誘惑に負けた。
413,get the better of ～,～を負かす・～に打ち勝つ,I got the better of temptation.,私は誘惑に打ち勝った。
414,on the brink of ～,①～の寸前である　②（まさに）～しそうである,The glass is on the brink of overflowing.,そのグラスは今にも中身がこぼれそうである。
414,on the brink of ～,①～の寸前である　②（まさに）～しそうである,She was on the brink of tears.,彼女は今にも泣きそうだった。
415,via ～,①～経由で　②～を通じて,My father flew to New York via Hawaii.,父はハワイ経由でニューヨークに行った。
415,by way of ～,①～経由で　②～を通じて,My father flew to New York by way of Hawaii.,父はハワイ経由でニューヨークに行った。
415,via ～,①～経由で　②～を通じて,My husband and I got to know each other via a mutual friend.,夫と私は共通の友人を通じてお互いに知り合った。
415,by way of ～,①～経由で　②～を通じて,My husband and I got to know each otehr by way of a mutual friend.,夫と私は共通の友人を通じてお互いに知り合った。
416,be ashamed of ～,～を恥ずかしく思っている,I am ashamed of my past behavior.,私は過去の行動を恥ずかしく思っている。