1,1,1,history,
2,1,2,tie,
3,1,3,unite,一体にする(なる)
4,1,4,culture,
5,1,5,plant,
6,1,6,unique,
7,1,7,characteristic,特徴(的な)
8,1,8,matter,
9,1,9,taste,
10,1,10,edible,食べることのできる、食用の
11,1,11,cause,
12,1,12,account,
13,1,13,fact,
14,1,14,treat,
15,2,15,raise,
16,2,16,female,
17,2,17,birth,
18,2,18,generate,
19,2,19,while,
20,2,20,meantime,その間
21,2,21,leave,去る・残す・～を...の状態のままにしておく、休暇・許可
22,2,22,hunt,
23,2,23,instead,
24,2,24,guard,
25,2,25,secure,安全な・安定した、～を確保する・守る
26,2,26,offend,
27,3,27,role,
28,3,28,healthy,
29,3,29,healthcare,健康管理・医療
30,3,30,mammal,
31,3,31,produce,
32,3,32,harvest,
33,3,33,liver,肝臓
34,3,34,never,一度も～したことがない・決して～ない
35,3,35,none,
36,3,36,nor,
37,3,37,elsewhere,
38,3,38,suffer,
39,3,39,struggle,
40,3,40,victim,
41,3,41,toll,犠牲者・死傷者数・通行料
42,3,42,sacrifice,
43,3,43,lack,
44,3,44,shortage,不足
45,3,45,scarce,
46,3,46,curiously,奇妙なことに
47,3,47,curious,好奇心の強い・奇妙な
48,3,48,human,
49,3,49,ape,
50,3,50,primate,
51,3,51,happen,起こる
52,3,52,area,
53,3,53,bleed,
54,3,54,reason,
55,3,55,plenty,
56,4,56,western,西の・西にある・西洋の
57,4,57,clothes,
58,4,58,convenient,
59,4,59,helpful,
60,4,60,majority,大多数
61,4,61,though,
62,4,62,discrimination,
63,4,63,past,
64,4,64,previous,
65,4,65,quite,
66,4,66,expensive,
67,4,67,afford,
68,4,68,wealthy,
69,4,69,servant,
70,4,70,slave,
71,5,71,mean,～を意味する、意地悪な
72,5,72,even,～でさえ・さらに、平らな・偶数の
73,5,73,amount,
74,5,74,mind,
75,5,75,definition,
76,5,76,define,～を定義する・明瞭に示す・決定づける
77,5,77,formula,公式・秘訣
78,5,78,clearly,明らかに・はっきりと
79,5,79,separate,
80,5,80,divide,～を分割する・分配する、隔たり
81,5,81,split,
82,5,82,alone,孤独で、一人で
83,5,83,poison,
84,5,84,carefully,
85,5,85,control,
86,5,86,alcohol,
87,5,87,addict,
88,5,88,instance,
89,5,89,depend,
90,5,90,independent,独立した・関係がない
91,6,91,effective,
92,6,92,efficient,
93,6,93,mask,
94,6,94,claim,
95,6,95,demand,
96,6,96,supply,
97,6,97,FALSE,
98,6,98,fault,
99,6,99,surround,
100,6,100,tighten,～をしっかりと締める、ぴんと張る・緊張する
101,6,101,cheek,
102,6,102,pull,
103,6,103,upward,上に向かって、上昇して・上方への
104,6,104,eyebrow,まゆ、まゆ毛
105,6,105,slightly,わずかに
106,6,106,prove,～を証明する、～とわかる
107,7,107,gene,
108,7,108,basic,
109,7,109,cell,
110,7,110,pass,
111,7,111,behavior,
112,7,112,experiment,
113,7,113,end,
114,7,114,basis,基礎・根拠・基準
115,7,115,premise,
116,7,116,action,行動
117,7,117,like,～を好む、～のような(に)
118,7,118,dislike,
119,7,119,researcher,
120,7,120,research,研究・調査、研究する
121,7,121,survey,
122,7,122,variation,
123,7,123,vary,異なる・変わる
124,7,124,differ,異なる
125,7,125,particular,
126,7,126,partly,部分的に・一部分(は)
127,7,127,partially,不完全に・部分的に
128,7,128,suggest,
129,7,129,explain,
130,7,130,narrative,語り・物語、物語の
131,7,131,influence,
132,8,132,gender,
133,8,133,sex,
134,8,134,bias,
135,8,135,prejudice,
136,8,136,stereotype,
137,8,137,deeply,非常に・深く
138,8,138,shallow,浅い・浅はかな
139,8,139,root,
140,8,140,stem,
141,8,141,amazing,素晴らしい・びっくりさせるような
142,8,142,startle,
143,8,143,fix,
144,8,144,pin,～をピンで留める・を組み伏せる
145,8,145,view,
146,8,146,tend,
147,8,147,incline,～を《...する》気にさせる《to do》、を傾ける
148,8,148,professional,専門的な・プロの
149,8,149,occupation,職業・占領
150,8,150,occupy,
151,8,151,similar,
152,8,152,alike,
153,8,153,resemble,
154,8,154,decade,
155,8,155,perception,認識・知覚
156,8,156,recognize,～を認識する・認める
157,8,157,ballet,バレエ
158,8,158,invite,
159,8,159,occasion,
160,8,160,challenge,
161,8,161,dare,
162,8,162,hold,～と考える・を持っている・を保つ・を催す、(法律などが)有効である
163,8,163,reserve,
164,8,164,cancel,～を取り消す・中止する
165,8,165,excite,
166,8,166,astonish,
167,8,167,rather,
168,8,168,somewhat,
169,8,169,slim,細身の・わずかな
170,8,170,lean,
171,8,171,thin,
172,8,172,courageous,勇敢な
173,8,173,bold,
174,9,174,seem,
175,9,175,puzzle,
176,9,176,awkward,気まずい・不器用な・困った
177,9,177,gap,
178,9,178,crack,
179,9,179,event,出来事・行事
180,9,180,impact,
181,9,181,difficult,難しい・気難しい
182,9,182,hardship,(経済的な)苦難
183,9,183,otherwise,
184,9,184,unless,
185,9,185,mayor,
186,9,186,position,
187,9,187,pose,
188,9,188,condition,
189,9,189,rank,
190,9,190,form,
191,9,191,reform,
192,9,192,structure,
193,9,193,completely,
194,9,194,thoroughly,徹底的に・完全に
195,9,195,altogether,
196,9,196,compensate,補償をする・埋め合わせる
197,9,197,supplement,補足・栄養補助食品、～を補う
198,9,198,opposite,正反対の人(物事)、反対の、～の向かい側に
199,9,199,protest,
200,9,200,resist,抵抗する・(通例否定文で)我慢する
201,9,201,hostile,
202,9,202,society,社会・協会
203,9,203,wide,
204,9,204,range,
205,9,205,able,
206,9,206,enable,
207,9,207,pursue,～を追い求める・追跡する
208,9,208,trace,
209,9,209,chase,
210,9,210,trail,
211,9,211,footprint,足跡・フットプリント
212,9,212,freely,自由に
213,9,213,overcome,
214,9,214,overwhelm,
215,9,215,overtake,～を追い越す・上回る
216,9,216,undertake,
217,10,217,include,
218,10,218,exclusive,排他的な・独占的な
219,10,219,rid,～を取り除く、～がなくなって
220,10,220,according to,～によれば・に応じて
221,10,221,medical,
222,10,222,expert,
223,10,223,expertise,専門知識・専門的意見
224,10,224,normal,
225,10,225,ordinary,普通の・ありふれた
226,10,226,adult,
227,10,227,adolescent,
228,10,228,ratio,
229,10,229,proportion,
230,10,230,clear,明白な・明快な・透明な、～をきれいにする・を取り除く
231,10,231,vague,
232,10,232,believe,信じる・思う
233,10,233,religion,
234,10,234,credit,信用・名誉・クレジット、〈通例受身〉～の功績を認める
235,10,235,immune,
236,10,236,common,
237,10,237,virus,
238,10,238,bacteria,
239,10,239,minute,ごく小さな・詳細な
240,10,240,once,一度・かつて、一度～すれば
241,10,241,infect,
242,10,242,rest,
243,10,243,entirely,
244,11,244,popularity,
245,11,245,population,
246,11,246,organic,有機(栽培)の・器官の
247,11,247,organize,～を組織する・〈行事など〉を準備する
248,11,248,arrange,～の手はずを整える・を手配する・を配列する
249,11,249,vegetable,野菜
250,11,250,increase,増加する、～を増やす、増加
251,11,251,probably,
252,11,252,pesticide,殺虫剤・農薬
253,11,253,fertilizer,(化学)肥料
254,11,254,fertile,肥沃な・繁殖力の強い
255,11,255,method,
256,11,256,protect,
257,11,257,preserve,
258,11,258,agricultural,
259,11,259,generally,
260,11,260,safe,安全な・無事な、金庫
261,11,261,percent,パーセント
262,11,262,government,政府
263,11,263,minister,
264,11,264,ministry,<日本の内閣の>省
265,11,265,officially,公式に・正式に
266,11,266,official,当局者・役員、公式の
267,11,267,license,
268,11,268,patent,特許、～の特許を取る
269,11,269,farm ,農場
270,11,270,estate,
271,11,271,property,特性・不動産・財産・所有物
272,11,272,barn,納屋・物置
273,11,273,livestock,家畜
274,12,274,addition,追加(分)・足し算
275,12,275,lot,たくさん・土地・運命
276,12,276,competitive,
277,12,277,compete,競争する
278,12,278,rival,
279,12,279,compare,
280,12,280,comparable,相当する・匹敵する
281,12,281,quantity,
282,12,282,average,
283,12,283,environmental,(自然)環境の
284,12,284,conservation,
285,12,285,cost,
286,12,286,budget,
287,12,287,consider,
288,12,288,suppose,
289,12,289,pollution,
290,12,290,agree,
291,12,291,consent,同意(する)
292,12,292,price,
293,12,293,pay,
294,12,294,refund,返金・払い戻し、～を返金する
295,12,295,owe,
296,12,296,loan,
297,12,297,debt,
298,13,298,realize,
299,13,299,physical,
300,13,300,jump,
301,13,301,bound,
302,13,302,barrier,
303,13,303,obstacle,
304,13,304,hurt,
305,13,305,interaction,
306,13,306,transaction,取引・交流
307,13,307,bite,
308,13,308,angry,
309,13,309,irritate,
310,13,310,order,
311,13,311,disorder,<心身の>不調・混乱
312,13,312,especially,特に
313,13,313,namely,すなわち
314,13,314,space,
315,13,315,gravity,重力・重大さ
316,13,316,release,
317,13,317,emission,
318,13,318,quit,
319,13,319,retire,<定年などで>退職(引退)する
320,13,320,resign,<正式に>～を辞退する・を放棄する、辞任する
321,13,321,dismiss,
322,13,322,energy,
323,13,323,electricity,電気・電力
324,13,324,mental,
325,13,325,yell,
326,14,326,necessary,
327,14,327,doubtful,
328,14,328,doubt,疑う・ではないと思う、疑い
329,14,329,whether,
330,14,330,concern,
331,14,331,anxious,
332,14,332,increasingly,
333,14,333,spend,～を費やす・過ごす
334,14,334,leadership,リーダーシップ
335,14,335,outdoor,屋外の
336,14,336,suitable,
337,14,337,correct,
338,14,338,proper,
339,14,339,appropriate,
340,15,340,earth,地球・地面・土
341,15,341,soil,
342,15,342,typical,典型的な・代表する
343,15,343,usual,いつもの
344,15,344,single,
345,15,345,certain,
346,15,346,uncertain,確信がない・不確実な
347,15,347,guarantee,
348,15,348,confirm,
349,15,349,convince,
350,15,350,persuade,
351,15,351,species,
352,15,352,classify,
353,15,353,period,
354,15,354,phase,
355,15,355,reach,
356,15,356,maturity,成熟・十分な成長
357,15,357,barely,
358,15,358,oak,オーク(の木)
359,15,359,phenomenon,
360,15,360,rare,まれな・珍しい
361,15,361,occurence,出来事・発生
362,15,362,strike,
363,15,363,kingdom,
364,15,364,interval,
365,15,365,remain,
366,15,366,largely,
367,15,367,mystery,
368,16,368,exhibit,
369,16,369,geographic,地理的な
370,16,370,location,
371,16,371,climate,
372,16,372,derive,
373,16,373,carry,～を運ぶ・を携帯する
374,16,374,internal,
375,16,375,alarm,
376,16,376,simultaneously,《～と》同時に《with》
377,16,377,mass,かたまり・多数・一般大衆・質量、大量の
378,16,378,numerous,
379,16,379,attract,～を引きつける
380,16,380,mainly,
381,16,381,sudden,
382,16,382,availability,利用できること・入手可能性
383,16,383,available,
384,16,384,huge,
385,16,385,forest,森林
386,16,386,deforestation,森林伐採
387,16,387,hungry,空腹の・渇望〔熱望〕して
388,16,388,starve,餓死する・飢える・《be -ing》(死にそうなほど)お腹が空いて
389,16,389,feed,
390,16,390,multiply,～を増やす・<数>を掛ける、増殖する
391,16,391,rate,
392,16,392,estimate,
393,16,393,underestimate,過少評価する
394,16,394,consume,
395,16,395,crop,
396,16,396,storage,保管・貯蔵
397,16,397,store,
398,16,398,follow,
399,16,399,obey,
400,16,400,famine,
401,16,401,drought,干ばつ
402,16,402,disease,
403,16,403,illness,
404,16,404,nearby,
405,16,405,state,
406,16,406,terrible,
407,16,407,frighten,
408,16,408,terrify,～をひどく怖がらせる
409,16,409,death,
410,16,410,occur,
411,16,411,bloom,<花が>咲く・繁栄する、花・花盛り
412,17,412,acid,
413,17,413,problem,問題
414,17,414,affect,
415,17,415,several,
416,17,416,upset,
417,17,417,disturb,
418,17,418,interfere,
419,17,419,interrupt,
420,17,420,stomach,
421,17,421,digest,～を消化する・～を理解する・要約
422,17,422,appetite,
423,17,423,burn,
424,17,424,sensation,感覚・気分・世間を騒がす事件
425,17,425,thrill,
426,17,426,throat,喉
427,17,427,intensity,強烈(さ)・熱心さ
428,17,428,sharp,
429,17,429,extremely,
430,17,430,painful,つらい・痛い
431,17,431,sore,痛い・ひりひりする
432,17,432,distress,
433,17,433,permanently,永久に・常に
434,17,434,sleep,眠る・睡眠
435,17,435,yawn,
436,17,436,sugary,砂糖の入った・甘ったるい
437,18,437,remedy,治療・薬・解決法
438,18,438,antibiotic,抗生物質
439,18,439,drugstore,ドラッグストア・薬局
440,18,440,prescription,処方(箋)
441,18,441,widespread,広範囲にわたる
442,18,442,myth,
443,18,443,folk,
444,18,444,fiction,
445,18,445,tale,
446,18,446,plot,
447,18,447,reduce,～を減らす・変えられる
448,18,448,decline,
449,18,449,symptom,
450,18,450,comfort,
451,18,451,reassure,
452,18,452,contain,
453,18,453,closet,戸棚・クローゼット
454,18,454,cabinet,戸棚・内閣
455,18,455,despite,
456,18,456,scientifically,科学的に(言えば)
457,18,457,squeeze,～を搾る・～を詰め込む
458,18,458,pack,
459,18,459,possibly,ひょっとすると・一体どうして・よろしければ
460,18,460,somehow,
461,18,461,system,
462,18,462,add,
463,19,463,declare,
464,19,464,announce,
465,19,465,talented,才能ある
466,19,466,planet,
467,19,467,superior,
468,19,468,turn,
469,19,469,straight,まっすぐな・まっすぐに・直接
470,19,470,frank,
471,19,471,backward,後ろへ・後ろの・遅れた
472,19,472,ceiling,
473,19,473,perform,
474,19,474,conduct,
475,19,475,flight,
476,19,476,aviation,飛行・航空・航空学
477,19,477,lab,実験室・研究所
478,19,478,institute,
479,19,479,institution,機関・施設・社会制度
480,19,480,technology,
481,19,481,spot,
482,19,482,dash,急いで行く
483,19,483,race,
484,19,484,ethnic,
485,19,485,native,
486,19,486,tribe,
487,19,487,precisely,
488,19,488,exact,正確な・精密な
489,19,489,accurate,正確な・精密な
490,19,490,milirary,軍隊の・軍隊
491,19,491,army,
492,19,492,marine,
493,19,493,creature,生き物・動物
494,19,494,robotic,自動的な・ロボットの
495,19,495,device,
496,19,496,devise,～を考案する・～を工夫する
497,19,497,dangerous,危険な
498,19,498,endanger,～を危険にさらす
499,19,499,fierce,
500,19,500,earthquake,
501,19,501,volcano,
502,19,502,erupt,(火山が)噴火する
503,19,503,collapse,
504,19,504,extinction,絶滅
505,19,505,explode,
506,19,506,mine,
507,20,507,chamber,空間・小室・部屋・会議所
508,20,508,cabin,小屋・船室
509,20,509,manipulate,
510,20,510,visual,
511,20,511,motion,運動・動議・動作
512,20,512,movement,
513,20,513,frame,
514,20,514,avoid,
515,20,515,refrain,差し控える
516,20,516,collision,衝突
517,20,517,crash,
518,20,518,bump,ぶつかる・でこぼこ・減速帯
519,20,519,pattern,
520,20,520,degree,
521,20,521,trigger,
522,20,522,cue,合図・刺激・きっかけ・ヒント
523,20,523,clue,
524,20,524,signal,
525,20,525,organ,器官・臓器・組織
526,20,526,tissue,
527,20,527,transplant,
528,20,528,function,
529,20,529,dozen,
530,20,530,load,
531,20,531,compound,
532,20,532,hybrid,
533,20,533,permit,
534,20,534,ban,
535,20,535,prohibit,非常に優れた
536,20,536,excellent,
537,20,537,detect,
538,20,538,expose,
539,20,539,sensitive,敏感な・神経質な
540,20,540,roughly,おおよそ・乱暴に
541,20,541,approximately,
542,20,542,nervous,神経の・神経質な・心配した
543,20,543,tense,
544,20,544,devote,
545,20,545,process,過程・手順・～を処理(加工)する
546,20,546,procedure,手順・手続き
547,20,547,sensory,感覚の
548,20,548,data,
549,20,549,output,
550,20,550,command,
551,21,551,create,
552,21,552,waste,
553,21,553,ideal,
554,21,554,production,生産(高)
555,21,555,reproduce,
556,21,556,force,
557,21,557,impose,
558,21,558,violence,暴力・(自然現象などの)激しさ
559,21,559,shift,
560,21,560,mobile,
561,21,561,fashion,
562,21,562,wear,～を身につけている・～をすり減らす・すり減る・(集合的に)衣類
563,21,563,chip,
564,21,564,portion,
565,21,565,fragment,
566,21,566,alter,
567,21,567,alternative,代わり・選択肢・代わりの
568,21,568,appreciate,
569,21,569,grateful,感謝している
570,21,570,prefecture,
571,21,571,philosophy,哲学・基本理念
572,21,572,pop,
573,21,573,resident,
574,21,574,collect,
575,21,575,domestic,
576,21,576,household,
577,21,577,appliance,(家庭用の電気などの)器具
578,21,578,refrigerator,
579,21,579,sort,
580,21,580,specific,
581,21,581,concrete,
582,21,582,category,
583,21,583,although,
584,21,584,stuff,
585,21,585,encourage,
586,21,586,stimulate,
587,21,587,stir,～をかき混ぜる・(感情)～をかきたてる
588,21,588,reuse,～を再利用する
589,21,589,goods,
590,21,590,trade,
591,21,591,client,
592,21,592,offer,
593,22,593,swallow,
594,22,594,understanding,理解・知識
595,22,595,possession,所有(物)
596,22,596,whereas,
597,22,597,sacred,
598,22,598,whatever,
599,22,599,desire,
600,22,600,recent,
601,22,601,nowadays,
602,22,602,lately,最近(は)・近頃
603,22,603,build,～を建てる・～を造る
604,22,604,construction,
605,22,605,architecture,
606,22,606,complex,
607,22,607,complicated,
608,21,608,facility,
609,22,609,locate,位置する・～を探し出す
610,22,610,ground,
611,22,611,run,～を経営する・立候補する・走る
612,22,612,manage,どうにか～する・～を運営する
613,22,613,apply,
614,22,614,individual,
615,22,615,bar,棒・酒場・筋・しま・～を禁止する・～をふさぐ
616,22,616,guest,
617,22,617,fit,
618,22,618,strategy,
619,22,619,gain,
620,22,620,acquire,
621,22,621,truly,本当に
622,23,622,appear,
623,23,623,disappear,
624,23,624,vanish,
625,23,625,remote,
626,23,626,eliminate,
627,23,627,instinctively,本能的に
628,23,628,inherent,
629,23,629,innate,
630,23,630,impulse,
631,23,631,react,
632,23,632,adapt,
633,23,633,adjust,
634,23,634,owner,持ち主
635,23,635,monopoly,独占(権)・独占企業
636,23,636,lie,
637,23,637,exhaust,
638,23,638,fatigue,疲労
639,23,639,capture,
640,23,640,handle,
641,23,641,furthermore,
642,23,642,tail,
643,23,643,eventually,
644,23,644,character,
645,23,645,rule,
646,23,646,post,
647,23,647,count,
648,23,648,desert,
649,23,649,capital,
650,23,650,stock,
651,24,651,whenever,
652,24,652,wherever,
653,24,653,relative,相対的な・関係のある・親戚
654,24,654,sibling,きょうだい
655,24,655,graduation,卒業(式)
656,24,656,absolutely,
657,24,657,ultimate,
658,24,658,depress,
659,24,659,disappoint,
660,24,660,recession,
661,24,661,suppress,
662,24,662,grin,にやりとする・にこっと笑う・にやつき笑い・にっこりと笑う
663,24,663,saying,ことわざ
664,24,664,translate,～を翻訳する・(結果として)なる・(～と)訳される
665,24,665,interpret,～を解釈する・～を通訳する
666,24,666,laugh,
667,24,667,gentle,
668,24,668,steep,急勾配の・(増減が)急激な・(価格が)法外な
669,24,669,polite,
670,24,670,generous,
671,24,671,frown,(～に)眉をひそめる・しかめ面
672,24,672,unusual,
673,24,673,foreigner,外国人・よそ者
674,24,674,border,
675,24,675,boundary,
676,24,676,remark,
677,24,677,grand,
678,24,678,stranger,
679,24,679,alien,
680,25,680,casual,
681,25,681,warmth,
682,25,682,respect,
683,25,683,respectively,それぞれ
684,25,684,evidence,
685,25,685,fool,
686,25,686,ridiculous,
687,25,687,focus,
688,25,688,stability,安定(制)
689,25,689,scale,
690,25,690,criterion,(価値判断の)基準
691,25,691,axis,軸
692,25,692,index,
693,25,693,law,
694,25,694,legislation,法律・立法
695,25,695,council,
696,25,696,parliament,
697,25,697,justuce,正義・公正・裁判(官)
698,25,698,violate,～に違反する・～を侵害する
699,25,699,contract,
700,25,700,treaty,条約
701,25,701,court,
702,25,702,criminal,犯罪者・犯罪の
703,25,703,guilty,
704,25,704,theft,
705,25,705,murder,
706,25,706,unreliable,信頼できない
707,25,707,unstable,不安定な
708,25,708,unpredictable,予測できない
709,25,709,confidence,自信・信頼
710,25,710,odd,
711,25,711,fate,運命
712,25,712,destiny,
713,25,713,fatal,
714,25,714,invisible,(～に)見えない
715,25,715,visible,
716,25,716,stupid,
717,25,717,silly,
718,25,718,check,
719,25,719,drive,
720,25,720,will,～だろう・～するつもりだ・意思・遺言
721,25,721,save,
722,25,722,serve,役立つ・(食事を)出す・仕える
723,25,723,bear,
724,25,724,bill,
725,26,725,theory,
726,26,726,assume,
727,26,727,judge,
728,26,728,series,
729,26,729,sequence,
730,26,730,version,
731,26,731,face,顔・表面・～に面する・～に直面する
732,26,732,makeup,化粧(品)・構造・性質
733,26,733,intelligence,知能・(国家機密の)情報
734,26,734,wisdom,知恵
735,26,735,factor,
736,26,736,correlation,相互関係・相関
737,26,737,likelihood,可能性
738,26,738,likewise,同様に・その上
739,26,739,worth,
740,26,740,deserve,
741,26,741,note,
742,26,742,emotional,感情的な
743,26,743,expression,
744,26,744,express,～を表現する・急行列車・急行の
745,26,745,value,
746,26,746,esteem,尊重・～高く評価する
747,26,747,happiness,幸せ
748,26,748,welfare,
749,26,749,highly,
750,26,750,expand,
751,26,751,extend,～を延長する・～を広げる・延びる・広がる
752,26,752,repeat,
753,27,753,dedicate,
754,27,754,continue,
755,27,755,national,全国的な・国民の・国立の
756,27,756,civilization,文明(化)
757,27,757,educational,教育の
758,27,758,discipline,
759,27,759,grade,
760,27,760,gradually,徐々に
761,27,761,simple,
762,27,762,teenanger,10代の若者(通例13~19歳)
763,27,763,aging,老化・老朽(化)
764,27,764,comprehend,
765,27,765,elaborate,
766,27,766,detail,詳細・細部
767,27,767,subtle,
768,27,768,faint,かすかな・気を失う
769,27,769,material,
770,27,770,substance,
771,27,771,wonder,
772,27,772,discourage,
773,27,773,foundation,
774,27,774,infrastructure,インフラ・社会基盤施設
775,27,775,chore,
776,27,776,lifetime,
777,27,777,adventure,
778,27,778,venture,
779,27,779,frontier,
780,28,780,involve,
781,28,781,relevant,
782,28,782,prior,
783,28,783,knowledge,
784,28,784,enhance,
785,28,785,boost,
786,28,786,reinforce,
787,28,787,clarify,～を明らかにする
788,28,788,prediction,予言(予測)
789,28,789,predict,
790,28,790,attention,
791,28,791,infer,推論する
792,28,792,speculate,推測する・投機する
793,28,793,hypothesis,
794,28,794,determine,
795,28,795,distinguish,
796,28,796,distinct,まったく異なった・明瞭な
797,28,797,peculiar,
798,28,798,overall,
799,28,799,finally,
800,28,800,trouble,
801,28,801,phrase,
802,28,802,passage,(本などの)一節・文章・経過・通路
803,28,803,channel,経路・チャンネル・海峡
804,28,804,skip,跳ね回る・省く・読み飛ばす・～を抜かす
805,28,805,leap,
806,28,806,ahead,
807,28,807,aloud,
808,28,808,fundamental,
809,28,809,prime,最も重要な・根本的な・典型的な・全盛期
810,28,810,radical,
811,28,811,success,
812,28,812,succeed,成功する・跡を継ぐ
813,28,813,virtually,
814,28,814,mechanics,力学・機械工学
815,28,815,mechanism,仕組み・装置
816,28,816,political,
817,28,817,mention,
818,28,818,web,
819,28,819,network,
820,28,820,figure,
821,28,821,operate,
822,28,822,basically,要するに・基本的には
823,29,823,intellectual,知的な・知識人
824,29,824,literally,文字通りに
825,29,825,literary,文学
826,29,826,literacy,
827,29,827,weight,
828,29,828,ton,
829,29,829,outweight,～より重要である・～に勝る・～より重い
830,29,830,obesity,
831,29,831,fat,
832,29,832,overweight,
833,29,833,sound,音・～に思われる・～を鳴らす・健全な・確かな
834,29,834,tongue,
835,29,835,chew,～を噛む・噛むこと
836,29,836,effect,影響・結果
837,29,837,considerable,(数量・程度が)かなりの
838,29,838,benefit,
839,29,839,profitable,利益になる
840,29,840,concentrate,
841,29,841,flavor,
842,29,842,professor,
843,29,843,diet,
844,29,844,distract,(注意など)をそらす
845,29,845,extract,～を取り出す・～を抽出する・抽出物・抜粋
846,29,846,colleague,
847,29,847,room,部屋・空間・余地
848,29,848,spare,
849,29,849,participant,
850,29,850,drown,おぼれ死ぬ・～を溺死させる・～をかき消す
851,30,851,undergraduate,大学生・学部生
852,30,852,bake,(パンなど)を焼く
853,30,853,roast,(肉など)を焼く・(豆など)を炒める
854,30,854,deliver,
855,30,855,distribute,
856,30,856,crave,～を切望する・～が欲しくてたまらない
857,30,857,envy,～をうらやむ・～をねたむ・嫉妬
858,30,858,instruction,指示・使用説明書
859,30,859,illustrate,
860,30,860,tutor,家庭教師
861,30,861,emphasize,
862,30,862,manufacturer,
863,30,863,grocery,
864,30,864,manual,
865,30,865,company,
866,30,866,slip,滑る・間違い・滑ること
867,30,867,complaint,
868,30,868,emerge,
869,30,869,emergency,現れる・(事実が)明らかになる・台頭する
870,30,870,urge,
871,30,871,relationship,関係・親密な関係
872,30,872,bond,
873,30,873,examine,
874,30,874,exist,
875,30,875,importance,
876,30,876,journal,
877,30,877,quality,
878,30,878,preference,好み
879,31,879,hydrogen,
880,31,880,block,
881,31,881,grid,格子・基盤目
882,31,882,nuclear,
883,31,883,radiation,
884,31,884,fuel,
885,31,885,fossil,
886,31,886,evolve,発展(進化)する(させる)
887,31,887,element,
888,31,888,component,
889,31,889,cosmic,宇宙の・宇宙から来る
890,31,890,galaxy,銀河
891,31,891,grasp,
892,31,892,grab,
893,31,893,seize,
894,31,894,embrace,
895,31,895,discover,
896,31,896,encounter,
897,31,897,witness,目撃者・証人・～を目撃する
898,31,898,indeed,
899,31,899,actual,実際の・現実の
900,31,900,earn,
901,31,901,income,
902,31,902,tax,
903,31,903,breakthrough,重大な発見・飛躍的進歩
904,31,904,thesis,論文・命題・主張
905,31,905,fulfill,
906,31,906,satisfy,
907,31,907,content,
908,32,908,die,～で死ぬ
909,32,909,gifted,(生まれつき)才能のある
910,32,910,equip,～を備え付ける・～を身に付けさせる
911,32,911,thrive,繫栄する・(動植物が)よく成長する
912,32,912,later,あとで・もっと遅い
913,32,913,delay,
914,32,914,postpone,
915,32,915,autobiography,自伝
916,32,916,sneak,こっそり動く
917,32,917,worship,
918,32,918,adore,～を熱愛する・～が大好きである
919,32,919,advance,
920,32,920,scholarship,奨学金
921,32,921,physics,物理学
922,32,922,physician,医師・内科医
923,32,923,humiliate,～に恥をかかせる・～に屈辱を与える
924,32,924,insult,
925,32,925,regulation,規則・規制・調整
926,32,926,require,～を必要とする・～を要求する
927,32,927,relate,
928,32,928,relation,関係
929,32,929,lecture,
930,32,930,gaze,
931,32,931,stare,
932,32,932,glance,
933,32,933,loud,(声が)大きい・うるさい
934,32,934,regularly,定期的に・いつも休まずに
935,32,935,greet,
936,32,936,applause,拍手・称賛
937,32,937,celebrate,～を祝う・(儀式など)を行う
938,32,938,sink,
939,33,939,nasty,意地の悪い・不快な
940,33,940,mess,
941,33,941,calmly,静かに・落ち着いて
942,33,942,calm,
943,33,943,stick,
944,33,944,inject,～を注射(注入)する・～に注射する
945,33,945,pump,
946,33,946,needle,
947,33,947,bone,骨・骨組み
948,33,948,joint,
949,33,949,aim,
950,33,950,sake,利益・目的
951,33,951,stressful,ストレスの多い
952,33,952,resilient,回復力のある・弾力性のある
953,33,953,restore,
954,33,954,intention,意図
955,33,955,random,
956,33,956,reflect,
957,33,957,major,
958,33,958,chief,
959,33,959,cruel,残酷な・(物事が)つらい
960,33,960,abuse,
961,33,961,opinion,
962,33,962,thought,考え・思いつき
963,33,963,deal,
964,33,964,diverse,
965,33,965,biodiversity,生物多様性
966,33,966,cope,
967,33,967,viewpoint,見地・見解
968,33,968,perspective,
969,33,969,prospective,予期される
970,33,970,mindset,考え方・思考
971,33,971,moreover,
972,33,972,demonstrate,
973,33,973,famous,(～で)有名な
974,33,974,quotation,引用
975,33,975,cite,
976,33,976,disapprove,(～に)賛成しない
977,33,977,approve,
978,33,978,defend,
979,33,979,democracy,
980,33,980,liberty,
981,33,981,surface,
982,34,982,ignore,
983,34,983,miss,
984,34,984,abandon,
985,34,985,neglect,
986,34,986,mend,～を修理する・(衣服など)を縫う・(骨折などが)治る
987,34,987,quiet,静かな・平穏な
988,34,988,whisper,
989,34,989,ability,(～する)能力
990,34,990,capacity,能力・容量
991,34,991,capable,
992,34,992,damage,
993,34,993,injury,
994,34,994,vulnerable,傷付きやすい・攻撃を受けやすい
995,34,995,fragile,壊れやすい・もろい
996,34,996,delicate,
997,35,997,investigate,
998,35,998,article,
999,35,999,observe,
1000,35,1000,active,積極的な・活動的な・活発な
1001,35,1001,conclude,
1002,35,1002,summarize,～を要約する
1003,35,1003,object,
1004,35,1004,attack,
1005,35,1005,invasion,侵入・侵略・侵害
1006,35,1006,issue,
1007,35,1007,descendent,子孫
1008,35,1008,offspring,
1009,35,1009,center,
1010,35,1010,core,
1011,35,1011,edge,
1012,35,1012,tip,
1013,35,1013,balance,均衡・調和・残高・～のバランスをとる
1014,35,1014,tough,
1015,35,1015,harsh,
1016,35,1016,firm,
1017,35,1017,rigid,
1018,35,1018,freedom,
1019,35,1019,cast,
1020,35,1020,pitch,音の高さ・～を投げる
1021,35,1021,shed,
1022,35,1022,reality,現実・実在
1023,35,1023,practical,現実的な・実用的な
1024,35,1024,commit,
1025,35,1025,commission,委任・(制作の)依頼・委員会・手数料
1026,35,1026,suicide,
1027,35,1027,receive,
1028,35,1028,donate,～を寄付する・(臓器など)を提供する
1029,35,1029,media,マスメディア・情報伝達手段
1030,35,1030,address,
1031,35,1031,tackle,
1032,35,1032,harassment,嫌がらせ・悩みの種
1033,35,1033,introduce,
1034,35,1034,insert,
1035,35,1035,install,～を取り付ける・～をインストールする
1036,35,1036,attach,
1037,35,1037,strict,
1038,35,1038,restrict,
1039,35,1039,bully,
1040,35,1040,threaten,～を脅迫する・～をおびやかす
1041,36,1041,deliberately,
1042,36,1042,aspect,
1043,36,1043,dimension,
1044,36,1044,truth,
1045,36,1045,deceive,
1046,36,1046,impression,
1047,36,1047,acquaintance,
1048,36,1048,lottery,宝くじ
1049,36,1049,purchase,
1050,36,1050,subscribe,(を)購読する・署名する・寄付する・同意する
1051,36,1051,commercial,
1052,36,1052,retail,
1053,36,1053,commodity,
1054,36,1054,likely,
1055,36,1055,technically,専門的(厳密)に言うと・技術的には
1056,36,1056,dishonest,不正直な・不誠実な
1057,37,1057,candidate,
1058,37,1058,campaign,
1059,37,1059,communication,
1060,37,1060,support,
1061,37,1061,assist,～を助ける・助ける
1062,37,1062,aid,
1063,37,1063,governor,(州)知事・支配者
1064,37,1064,last,
1065,37,1065,term,
1066,37,1066,semester,
1067,37,1067,terminal,末期の・発着場・終着(始発)地
1068,37,1068,duration,継続(期間)
1069,37,1069,deadline,締切
1070,37,1070,seek,
1071,37,1071,strive,
1072,37,1072,inquiry,問い合わせ・調査
1073,37,1073,subsequently,それに続いて・後で(に)
1074,37,1074,advertise,広告する・宣伝する
1075,37,1075,honest,
1076,37,1076,honor,
1077,37,1077,reputation,
1078,37,1078,celebrity,名声・著名人
1079,37,1079,compliment,ほめ言葉・お世辞・～をほめる
1080,37,1080,innocent,
1081,37,1081,opponent,
1082,37,1082,illegal,
1083,37,1083,justify,
1084,37,1084,mislead,～を誤解させる・～を誤って導く
1085,37,1085,confuse,
1086,37,1086,ad,広告
1087,37,1087,consequently,
1088,37,1088,consequence,その結果
1089,37,1089,boast,～と自慢げに言う・～を自慢する・誇る
1090,37,1090,exaggerate,
1091,37,1091,recommend,
1092,37,1092,advocate,提唱者・支援者・～を提唱する
1093,37,1093,pill,錠剤・ピル
1094,37,1094,cure,
1095,37,1095,heal,
1096,37,1096,factual,事実の・事実に基づいた
1097,37,1097,corporation,
1098,37,1098,enterprise,
1099,37,1099,pioneer,
1100,37,1100,entrepreneur,起業家
1101,38,1101,argue,
1102,38,1102,assert,
1103,38,1103,criticize,～を批判する・～を批評する
1104,38,1104,critic,評論家
1105,38,1105,accuse,
1106,38,1106,automate,自動化する
1107,38,1107,responsible,責任がある・～の原因である
1108,38,1108,due,
1109,38,1109,blame,
1110,38,1110,spread,
1111,38,1111,scatter,
1112,38,1112,prolong,
1113,38,1113,fake,
1114,38,1114,pretend,
1115,38,1115,imitate,
1116,38,1116,contradict,～を否定する・～と矛盾する
1117,38,1117,conflict,
1118,38,1118,contrary,反対の・(the)逆
1119,38,1119,paradox,
1120,38,1120,dilemma,ジレンマ・板ばさみ
1121,38,1121,irony,皮肉
1122,38,1122,software,ソフトウェア
1123,38,1123,identify,
1124,38,1124,identical,～を特定する・～の身元を確認する・～を同一視する
1125,38,1125,verify,～が正しいか確認する
1126,38,1126,signature,(書類などへの)署名
1127,38,1127,surprisingly,驚くほど(に)・驚いたことに
1128,38,1128,pretty,
1129,38,1129,beat,
1130,39,1130,seemingly,外見上は・どうやら
1131,39,1131,draw,
1132,39,1132,withdraw,
1133,39,1133,retreat,
1134,39,1134,headline,見出し・主な項目
1135,39,1135,morally,道徳的に・道義上
1136,39,1136,ethical,倫理の・道義にかなった
1137,39,1137,rational,
1138,39,1138,vice,
1139,39,1139,virtue,
1140,39,1140,design,
1141,39,1141,appeal,
1142,39,1142,recipe,
1143,39,1143,ingredient,
1144,39,1144,cuisine,料理(法)
1145,39,1145,prevent,
1146,39,1146,platform,(駅の)ホーム・演壇・(コンピューターの)プラットホーム
1147,39,1147,currently,現在(は)
1148,39,1148,allow,
1149,39,1149,admit,
1150,39,1150,acknowledge,
1151,39,1151,confess,
1152,39,1152,trend,
1153,39,1153,step,一歩・階段・工程・手段
1154,39,1154,stair,(ひと続きの)階段・(階段の)一段
1155,39,1155,assess,
1156,39,1156,publish,
1157,39,1157,cooperation,
1158,39,1158,academic,学問の・大学の・研究者
1159,40,1159,urban,
1160,40,1160,rural,
1161,40,1161,absorb,
1162,40,1162,crazy,
1163,40,1163,carbon,炭素
1164,40,1164,coal,
1165,40,1165,soak,～を浸す・～を吸収する・浸る
1166,40,1166,excess,余分の・超過した・超過・過度
1167,40,1167,rainfall,降雨・降雨量
1168,40,1168,hurricane,ハリケーン
1169,40,1169,tropical,
1170,40,1170,temperature,
1171,40,1171,humidity,湿気・湿度
1172,40,1172,sweat,
1173,40,1173,promising,有望な・期待のもてる
1174,40,1174,promise,
1175,40,1175,appointment,任命・(会合の)約束・(病院などの)予約
1176,40,1176,project,
1177,40,1177,launch,
1178,40,1178,initiative,主導権・新提案・新構想
1179,40,1179,initial,
1180,40,1180,pledge,～を誓う・誓約
1181,40,1181,maintain,
1182,40,1182,task,
1183,40,1183,burden,
1184,40,1184,anticipate,
1185,40,1185,financial,
1186,41,1186,approach,
1187,41,1187,manner,
1188,41,1188,mode,方法・流行
1189,41,1189,community,
1190,41,1190,implement,
1191,41,1191,machinery,(集合的に)機械
1192,41,1192,adopt,
1193,41,1193,foster,
1194,41,1194,scheme,
1195,41,1195,citizen,
1196,41,1196,improve,
1197,41,1197,ecology,生態(学)・環境(保護)
1198,41,1198,ecosystem,
1199,41,1199,biology,
1200,41,1200,connection,関係・連絡・接続
1201,41,1201,neighborhood,近所・地域
1202,41,1202,policy,
1203,41,1203,valuable,貴重な・高価な・貴重品
1204,41,1204,designate,～を(～に)指定する
1205,41,1205,assign,(人)に割り当てる・(人)を任命する
1206,41,1206,code,
1207,41,1207,monitor,
1208,41,1208,alert,
1209,41,1209,aware,
1210,41,1210,conscious,
1211,41,1211,conscience,良心・後ろめたさ
1212,41,1212,via,
1213,41,1213,status,
1214,41,1214,update,～を更新する・最新情報・アップデート
1215,41,1215,inform,～に知らせる
1216,42,1216,charge,
1217,42,1217,general,一般的な・大将・将軍
1218,42,1218,sustain,
1219,42,1219,notice,
1220,42,1220,engagement,約束・婚約・かかわり
1221,42,1221,engage,
1222,42,1222,divorce,離婚・離婚する
1223,42,1223,hire,
1224,42,1224,achieve,～を達成する・～を獲得する
1225,42,1225,provide,
1226,42,1226,yield,
1227,42,1227,opportunity,
1228,42,1228,respond,
1229,42,1229,reply,
1230,42,1230,correspond,
1231,42,1231,directly,
1232,42,1232,clean,清潔な・～をきれいにする・～を掃除する
1233,42,1233,wipe,～をふく・～を消し去る
1234,42,1234,polish,
1235,42,1235,sweep,
1236,42,1236,tidy,
1237,42,1237,neat,
1238,43,1238,custom,慣習・関税・税関
1239,43,1239,conventional,従来の・型にはまった
1240,43,1240,concept,
1241,43,1241,notion,
1242,43,1242,refer,
1243,42,1243,pleasant,
1244,43,1244,delight,
1245,43,1245,atmosphere,
1246,43,1246,cozy,居心地のよい
1247,43,1247,roar,うなる・ほえる・ごうごうと鳴る・うなり声・轟音
1248,43,1248,scream,
1249,42,1249,regard,
1250,43,1250,regardless,無頓着な・(～に)関係なく
1251,43,1251,essentially,本質的に・基本的には
1252,43,1252,indispensable,
1253,43,1253,exchange,
1254,43,1254,switch,
1255,42,1255,topic,
1256,43,1256,interest,
1257,43,1257,relax,
1258,43,1258,loose,ゆるい・解き放たれて
1259,43,1259,originate,(～から)始まる・発生する
1260,43,1260,originally,
1261,42,1261,closely,密接に・綿密に
1262,43,1262,associate,
1263,43,1263,ally,同盟国・協力者・～と同盟を結ぶ
1264,43,1264,federal,
1265,43,1265,tradition,
1266,43,1266,heritage,
1267,43,1267,anytime,～する時はいつでも・常に
1268,44,1268,goodness,神・善良さ・親切心
1269,44,1269,pray,
1270,44,1270,beg,
1271,44,1271,incorporate,
1272,44,1272,integrate,～を統合する・～を溶け込ませる・溶け込む
1273,44,1273,chance,
1274,44,1274,incredible,
1275,44,1275,tremendous,
1276,44,1276,miracle,
1277,44,1277,per,
1278,44,1278,bright,明るい・頭のよい
1279,44,1279,brilliant,
1280,44,1280,glare,(怒って)じっとにらむ・ぎらぎら光る
1281,44,1281,flame,火炎・(炎のような)光彩・燃える
1282,44,1282,prefer,
1283,45,1283,crucial,
1284,45,1284,vital,
1285,45,1285,defeat,
1286,45,1286,triumph,
1287,45,1287,conquer,
1288,45,1288,represent,～を表す・～を代表する
1289,45,1289,symbolic,象徴的な
1290,45,1290,embody,～を具現化する・～を含む
1291,45,1291,compose,～を構成する～を作曲する・～を鎮める
1292,45,1292,constitution,構成・体質・憲法
1293,45,1293,apparent,明らかな・外見上の
1294,45,1294,practice,練習・実行・習慣・練習する・実行する
1295,45,1295,newly,最近・新たに
1296,45,1296,renew,～を更新する・～を再開する
1297,46,1297,evaluation,評価
1298,46,1298,constantly,
1299,46,1299,consistent,一貫した・継続的な・安定した
1300,46,1300,irregular,不規則な
1301,46,1301,path,
1302,46,1302,pave,～を舗装する
1303,46,1303,pedestrian,歩行者
1304,46,1304,stumble,つまずく・つまずき
1305,46,1305,drag,
1306,46,1306,crawl,這う・のろのろ進む
1307,46,1307,measure,
1308,46,1308,describe,
1309,46,1309,promotion,昇進・(販売)促進
1310,46,1310,promote,
1311,46,1311,salary,
1312,46,1312,wallet,
1313,46,1313,objective,客観的な・目標
1314,46,1314,subjective,主観的な
1315,46,1315,motivation,動機づけ・やる気
1316,46,1316,motive,動機づけ
1317,46,1317,incentive,
1318,46,1318,inspire,
1319,46,1319,choice,選択(の自由）
1320,46,1320,option,選択肢・選択(の自由)
1321,46,1321,vote,
1322,46,1322,poll,
1323,46,1323,elect,(投票で)選ぶ
1324,46,1324,surgeon,外科医
1325,46,1325,base,～の基盤を置く・土台・基礎
1326,46,1326,former,
1327,46,1327,latter,
1328,46,1328,accept,
1329,46,1329,patient,
1330,46,1330,tolerate,～を許す・～を大目に見る・～に耐える
1331,46,1331,endure,
1332,46,1332,temper,気性・短気・機嫌・を加減する
1333,46,1333,survive,生き残る・から生き延びる
1334,46,1334,primarily,主として・第一に
1335,46,1335,refuse,
1336,46,1336,deny,
1337,46,1337,reject,
1338,46,1338,limit,
1339,47,1339,lower,
1340,47,1340,shorten,を短くする
1341,47,1341,risk,
1342,47,1342,hazard,危険
1343,47,1343,scary,恐ろしい
1344,47,1344,present,
1345,47,1345,entity,実在するもの・実在
1346,47,1346,submit,を提出する・を服従させる・服従する
1347,47,1347,conform,(慣習などに)従う・(規則などに)適合する
1348,47,1348,annual,
1349,47,1349,millennium,
1350,47,1350,session,
1351,47,1351,conference,
1352,47,1352,congress,議会・国会
1353,47,1353,potential,
1354,47,1354,competence,能力
1355,47,1355,worsen,悪化する
1356,47,1356,fade,
1357,47,1357,decay,
1358,47,1358,devastate,を荒廃させる・を打ちのめす
1359,47,1359,advice,忠告・助言
1360,47,1360,advise,
1361,47,1361,dialogue,対話
1362,47,1362,mutual,
1363,47,1363,intake,摂取(量)・(燃料などの)取り入れ
1364,47,1364,neutral,中立の・はっきりしない
1365,47,1365,harm,害・損害・を害する
1366,47,1366,disastrous,悲惨な
1367,48,1367,level,
1368,48,1368,altitude,高度・標高
1369,48,1369,failure,
1370,48,1370,overlook,
1371,48,1371,stroke,
1372,48,1372,total,
1373,48,1373,report,報告(書)・報道・報告する・報道する・通報する
1374,48,1374,register,
1375,48,1375,log,
1376,48,1376,complete,完全な・を仕上げる・に書き込む
1377,48,1377,intact,無傷の・手つかずで
1378,48,1378,entry,入場・参加(申し込み)
1379,48,1379,case,
1380,48,1380,chest,
1381,48,1381,significant,重要な・(数・量が)かなりの
1382,48,1382,meaningful,意義のある
1383,48,1383,grave,
1384,48,1384,exercise,
1385,48,1385,diabetes,糖尿病
1386,48,1386,dementia,認知症
1387,48,1387,longevity,長寿・寿命
1388,48,1388,span,
1389,48,1389,slot,細長い小穴・時間帯
1390,48,1390,development,発達・発展・発生
1391,49,1391,shape,
1392,49,1392,mold,型・を形成する
1393,49,1393,bend,
1394,49,1394,twist,
1395,49,1395,curve,
1396,49,1396,carve,彫る
1397,49,1397,vertical,垂直の
1398,49,1398,maximum,
1399,49,1399,importantly,重要なことには・重大に
1400,49,1400,profound,
1401,49,1401,clinician,臨床医
1402,49,1402,clinic,
1403,49,1403,diagnose,を診断する
1404,49,1404,scan,
1405,49,1405,analysis,分析
1406,50,1406,travel,
1407,50,1407,depart,出発する・から出発する
1408,50,1408,expedition,
1409,50,1409,voyage,
1410,50,1410,palace,宮殿
1411,50,1411,ancient,
1412,50,1412,primitive,
1413,50,1413,archaecologist,考古学者
1414,50,1414,leather,
1415,50,1415,fur,
1416,50,1416,tool,
1417,50,1417,instrument,
1418,50,1418,Mediterranean,
1419,50,1419,mud,
1420,50,1420,dirt,
1421,50,1421,clay,
1422,50,1422,stream,
1423,50,1423,tide,
1424,50,1424,weave,を織る・を作り上げる・を張る
1425,50,1425,textile,織物・布地
1426,50,1426,dye,
1427,50,1427,current,
1428,50,1428,currency,通貨・普及
1429,50,1429,contemporary,
1430,50,1430,escape,
1431,50,1431,flee,
1432,50,1432,refugee,
1433,50,1433,inspect,を検査する
1434,51,1434,cycle,
1435,51,1435,circle,
1436,51,1436,circulation,循環・流通・発行部数
1437,51,1437,spontaneously,自発的に・自然に
1438,51,1438,voluntary,自発的な・任意の・無償で奉仕する
1439,51,1439,heap,山・を積み上げる
1440,51,1440,pile,
1441,51,1441,array,多様な・集まり・配列
1442,51,1442,handful,
1443,51,1443,fairly,
1444,51,1444,solve,
1445,51,1445,resolve,
1446,51,1446,steadily,着実に・絶えず
1447,51,1447,length,
1448,51,1448,male,
1449,52,1449,embark,着手する・乗船(搭乗)する
1450,52,1450,sail,
1451,52,1451,navigate,航行する・帆・航海
1452,52,1452,return,
1453,52,1453,journey,
1454,52,1454,commute,通勤(通学)する
1455,52,1455,luggage,手荷物
1456,52,1456,rise,
1457,52,1457,arise,
1458,52,1458,soar,
1459,52,1459,dawn,
1460,52,1460,migration,
1461,52,1461,immigration,
1462,52,1462,inhabit,に住む
1463,52,1463,habitat,
1464,52,1464,oblige,に強制する・の要求を聞き入れる
1465,52,1465,duty,
1466,52,1466,compel,
1467,52,1467,damp,湿った・じめじめした
1468,52,1468,evaporate,蒸発する・徐々に消える
1469,52,1469,steam,
1470,52,1470,bubble,泡
1471,52,1471,breathe,
1472,52,1472,sigh,
1473,52,1473,cross,
1474,52,1474,arrive,着く
1475,52,1475,destination,
1476,52,1476,lay,
1477,52,1477,layer,層
1478,52,1478,layout,設計・配置・レイアウト
1479,52,1479,dispose,処分する・を配置する
1480,53,1480,scent,香り・(よい)かおり
1481,53,1481,smell,
1482,53,1482,instantly,すぐに・即座に
1483,53,1483,shortly,まもなく・少し(前・後)
1484,53,1484,immediate,即座の・目下の・すぐ近くの
1485,53,1485,transport,
1486,53,1486,import,
1487,53,1487,export,
1488,53,1488,vehicle,
1489,53,1489,automobile,自動車
1490,53,1490,aboard,(に)乗って
1491,53,1491,tiny,
1492,53,1492,minimize,を最小限にする
1493,53,1493,particle,
1494,53,1494,molecule,分子
1495,53,1495,revive,を蘇生させる・を復活させる・生き返る
1496,53,1496,amusement,
1497,53,1497,refresh,
1498,53,1498,resume,再開する・履歴書
1499,53,1499,memory,
1500,53,1500,region,
1501,53,1501,district,
1502,53,1502,sense,
1503,53,1503,sensible,分別のある・賢明な
1504,53,1504,nonsense,ばかげた考え(言動)
1505,53,1505,wire,
1506,53,1506,float,
1507,53,1507,drift,
1508,53,1508,swing,揺れ動く
1509,54,1509,direct,直接の・まっすぐな・を向ける・に誘導する・に道を教える
1510,54,1510,administer,を管理する・を施行する
1511,54,1511,supervise,を監督する・監視する
1512,54,1512,panel,
1513,54,1513,intimate,
1514,54,1514,opppse,に反対する
1515,54,1515,confront,
1516,54,1516,counter,カウンター・逆・に対抗(対応)する
1517,54,1517,reverse,
1518,54,1518,rebel,(政府に敵対する)反逆者・反抗する
1519,54,1519,revolt,反逆・反乱を起こす
1520,54,1520,vivid,
1521,54,1521,familiar,
1522,54,1522,tear,
1523,54,1523,special,特別な・独特の・専門の
1524,54,1524,recall,
1525,54,1525,sight,
1526,54,1526,scope,範囲・視界
1527,54,1527,sphere,
1528,54,1528,hemisphere,
1529,54,1529,remember,を覚えている・忘れずに～する・～のことを～によろしくと伝える
1530,54,1530,remind,
1531,54,1531,token,しるし・象徴・証拠
1532,54,1532,unlikely,～しそうにない・ありそうにない
1533,54,1533,moment,
1534,54,1534,briefly,少しの間・簡潔に
1535,54,1535,temporary,
1536,55,1536,countryside,
1537,55,1537,landscape,
1538,55,1538,scene,
1539,55,1539,photograph,写真・写真を撮る・を写真に撮る
1540,55,1540,public,
1541,55,1541,private,
1542,55,1542,supernatural,超自然の・超自然的な現象
1543,55,1543,genuine,
1544,55,1544,authentic,本物の・信頼できる
1545,55,1545,imaginary,想像上の
1546,55,1546,fancy,
1547,55,1547,modern,
1548,55,1548,sophisticated,
1549,55,1549,refine,
1550,55,1550,era,
1551,55,1551,prominent,
1552,55,1552,outstanding,傑出した・目立った
1553,55,1553,poet,
1554,55,1554,feature,
1555,55,1555,trait,
1556,55,1556,attribute,
1557,55,1557,grant,
1558,55,1558,mood,
1559,55,1559,portray,
1560,55,1560,profile,
1561,55,1561,dominate,
1562,55,1562,colony,
1563,55,1563,lovely,
1564,55,1564,beauty,
1565,55,1565,grace,優雅さ・優美さ・神の恩寵
1566,55,1566,magnificent,壮大な・素晴らしい
1567,56,1567,technique,技術・技法・テクニック
1568,56,1568,secretly,内密に・ひそかに
1569,56,1569,modification,修正
1570,56,1570,scandal,スキャンダル・醜聞
1571,56,1571,rumor,うわさ
1572,56,1572,imply,
1573,56,1573,implicit,暗黙の
1574,56,1574,indication,
1575,56,1575,reliable,
1576,56,1576,faith,
1577,56,1577,detective,刑事・探偵・調査の
1578,56,1578,arrest,
1579,56,1579,misunderstanding,誤解
1580,57,1580,fascinate,
1581,57,1581,fascinating,魅力的な
1582,57,1582,tempt,
1583,57,1583,educate,を教育する
1584,57,1584,spiritual,精神(上)の・霊的な・宗教(上)の
1585,57,1585,ritual,
1586,57,1586,gathering,集会・集まり・収集物
1587,57,1587,reception,接待・受付・反応・宴会
1588,57,1588,attempt,
1589,57,1589,trial,
1590,57,1590,penalty,
1591,57,1591,punish,
1592,57,1592,contact,
1593,57,1593,contribute,
1594,57,1594,enormous,
1595,57,1595,close,
1596,57,1596,disclose,を暴く・を公表する
1597,57,1597,enclose,を同封する・を囲む
1598,57,1598,sanctuary,保護区域・聖域
1599,57,1599,rely,頼る
1600,57,1600,resort,
1601,57,1601,ease,
1602,57,1602,relieve,
1603,57,1603,sadness,悲しみ
1604,57,1604,desperate,
1605,57,1605,grief,深い悲しみ
1606,57,1606,reveal,
1607,57,1607,unlock,の鍵を開ける
1608,57,1608,incident,
1609,57,1609,accidentally,偶然に・うっかり・偶然にも
1610,57,1610,fond,大好きで・楽しい
1611,58,1611,industry,産業・工業・勤勉
1612,58,1612,mill,製粉場・工場
1613,58,1613,grind,を挽く
1614,58,1614,combine,
1615,58,1615,assemble,
1616,58,1616,minor,
1617,58,1617,trivial,ささいな
1618,58,1618,pastime,気晴らし・娯楽
1619,58,1619,luxury,
1620,58,1620,prosperity,
1621,58,1621,mostly,
1622,58,1622,exceed,を超える
1623,58,1623,central,中央の・中心的な
1624,58,1624,inner,
1625,58,1625,interior,
1626,58,1626,mainstream,主流・大勢・主流の
1627,58,1627,extent,程度・範囲
1628,58,1628,reward,
1629,58,1629,pension,年金
1630,58,1630,revenue,(総)収入・収益
1631,58,1631,surplus,余剰・黒字・余剰の
1632,58,1632,deficit,不足(額)・赤字
1633,58,1633,margin,余白・差・利ざや
1634,58,1634,deposit,預金・堆積物・を預ける・を置く
1635,58,1635,personal,個人の・私的な
1636,58,1636,interpersonal,個人間の
1637,58,1637,personnel,職員・社員・人事部
1638,58,1638,officer,公務員・職員
1639,59,1639,uncommon,まれな・めったにない
1640,59,1640,attain,
1641,59,1641,eager,
1642,59,1642,willing,
1643,59,1643,reluctant,
1644,59,1644,enthusiasm,
1645,59,1645,passion,
1646,59,1646,ambition,
1647,59,1647,accomplishment,進歩・前進・進歩する・前進する
1648,59,1648,progress,
1649,59,1649,ongoing,進行中の
1650,59,1650,accelerate,を加速する・を促進する
1651,59,1651,pace,歩調・速度
1652,59,1652,prompt,
1653,59,1653,advantage,
1654,59,1654,disadvantage,不利益・不利(な点)
1655,59,1655,drawback,不利な点・欠点
1656,59,1656,loyalty,
1657,59,1657,discount,
1658,59,1658,coupon,割引(引換)券・クーポン
1659,59,1659,access,
1660,59,1660,privilege,
1661,59,1661,entitle,に権利を与える
1662,59,1662,humble,謙虚な・地位が低い・重要ではない
1663,59,1663,modest,
1664,59,1664,miserable,
1665,59,1665,obtain,
1666,59,1666,inherit,
1667,60,1667,insurance,
1668,60,1668,premium,保険料・割増料金・高級な・割増の
1669,60,1669,convert,
1670,60,1670,standardize,を標準(規格)化する
1671,60,1671,undoubtedly,確かに・明らかに
1672,60,1672,positive,
1673,60,1673,negative,
1674,60,1674,enjoyment,楽しみ・享受
1675,60,1675,invest,
1676,60,1676,fund,基金・資金
1677,60,1677,invention,発明(品)
1678,60,1678,intend,
1679,60,1679,intensive,集中的な・徹底的な
1680,60,1680,aspiration,熱望・野望
1681,61,1681,replace,
1682,61,1682,displace,に取って代わる
1683,61,1683,substitute,
1684,61,1684,agent,
1685,61,1685,agency,代理(店)・機関
1686,61,1686,sufficient,
1687,61,1687,adequate,
1688,61,1688,abundant,
1689,61,1689,subject,
1690,61,1690,transfer,
1691,61,1691,transition,
1692,61,1692,artistic,芸術(家)の
1693,61,1693,aesthetic,美的な・美学の
1694,61,1694,economical,経済的な・倹約する
1695,61,1695,economics,経済学
1696,61,1696,means,
1697,61,1697,convey,
1698,61,1698,package,パッケージ・小包・を荷造り(包装)する
1699,61,1699,novel,
1700,61,1700,bible,
1701,61,1701,Christian,キリスト教徒・キリスト教(徒)の
1702,61,1702,stiff,凝った・固い
1703,61,1703,solid,
1704,61,1704,liquid,
1705,61,1705,cover,を覆う・にわたる・覆い・カバー・表紙
1706,61,1706,disguise,を隠す・を変装させる・見せかけ・変装
1707,61,1707,conceal,
1708,61,1708,uncover,を暴露する
1709,61,1709,undergo,
1710,62,1710,craft,
1711,62,1711,sculpture,彫刻(作品)
1712,62,1712,masterpiece,傑作
1713,62,1713,print,
1714,62,1714,press,押す・強要する・報道機関・印刷
1715,62,1715,edit,を編集する・を修正する
1716,62,1716,revise,
1717,62,1717,draft,下書き・の下書きを書く
1718,62,1718,greatly,大いに・非常に
1719,62,1719,leisure,
1720,62,1720,lazy,
1721,62,1721,apart,
1722,62,1722,sole,
1723,62,1723,course,進路・過程・講座・成り行き・(コース料理の)１品
1724,62,1724,discourse,対話・講演
1725,63,1725,equality,平等
1726,63,1726,accessible,利用できる・手が届く・行ける
1727,63,1727,utilize,を利用(活用)する
1728,63,1728,exploit,
1729,63,1729,exert,を用いる・行使する
1730,63,1730,discuss,
1731,63,1731,negotiate,
1732,63,1732,consult,
1733,63,1733,compromise,
1734,63,1734,agenda,課題・議題
1735,63,1735,broad,
1736,63,1736,enrich,を豊かにする
1737,63,1737,broadcast,
1738,63,1738,critically,決定的に・危険なほどに・批判的に・注意深く
1739,63,1739,critical,
1740,63,1740,crisis,危険
1741,63,1741,realm,
1742,63,1742,territory,
1743,63,1743,empire,
1744,63,1744,ruler,統治者・定規
1745,63,1745,prevalent,普及している・流行している
1746,63,1746,further,さらに(遠くへ)・さらに昔に・さらなる
1747,63,1747,distant,
1748,63,1748,remote,
1749,63,1749,career,
1750,63,1750,counterpart,
1751,63,1751,bride,花嫁・新婦
1752,63,1752,romantic,
1753,63,1753,mate,
1754,64,1754,controversial,論争を呼ぶ・論争(上)の
1755,64,1755,dispute,
1756,64,1756,persist,
1757,64,1757,profession,職業・同業者集団
1758,64,1758,insight,
1759,64,1759,outlook,(物の)見方・(将来の)見通し
1760,64,1760,lead,
1761,64,1761,outside,の外に(へ・の)・外に(の)
1762,64,1762,exit,出口・退出・退出する
1763,64,1763,confine,
1764,64,1764,isolate,
1765,64,1765,crowd,
1766,64,1766,congestion,混雑・渋滞
1767,64,1767,dense,
1768,65,1768,highlight,
1769,65,1769,underline,に下線を引く・を強調する
1770,65,1770,stand,を我慢する・立っている・立場・売店
1771,65,1771,qualify,資格を持つ・資格を得る・に資格を与える
1772,65,1772,scrape,を苦労して得る・をこする
1773,65,1773,rub,から奪う
1774,65,1774,deprive,
1775,65,1775,strip,
1776,65,1776,wage,
1777,65,1777,forward,前に・将来に向かって・フォワード・前衛
1778,65,1778,afterward(s),
1779,65,1779,beforehand,前もって
1780,65,1780,sometime,いつか・そのうち
1781,65,1781,forth,
1782,66,1782,frequent,頻繁な・に頻繁に行く
1783,66,1783,inn,(田舎の小さな)ホテル・宿屋
1784,66,1784,board,
1785,66,1785,equivalent,
1786,66,1786,accommodation,宿泊施設・収容能力
1787,66,1787,overnight,一晩中(の)・一晩のうち(に)
1788,66,1788,establishment,設立・施設・住居
1789,66,1789,establish,
1790,66,1790,wander,
1791,66,1791,transform,
1792,66,1792,transmit,
1793,66,1793,accompany,
1794,66,1794,civil,
1795,66,1795,comedy,
1796,66,1796,humor,
1797,66,1797,tragedy,
1798,67,1798,missionary,宣教師
1799,67,1799,coincidence,偶然の一致
1800,67,1800,fellow,
1801,67,1801,peer,
1802,67,1802,passenger,
1803,67,1803,tuition,授業料・指導・教授
1804,67,1804,afraid,恐れて・心配して
1805,67,1805,dialect,
1806,67,1806,accent,
1807,67,1807,linguistic,
1808,67,1808,bilingual,
1809,67,1809,noisy,騒々しい
1810,67,1810,bury,
1811,67,1811,favor,親切な行為・支持・を支持する
1812,67,1812,countless,無数の
1813,68,1813,gallery,
1814,68,1814,petition,請願(嘆願)(書)・に嘆願(請願)する
1815,68,1815,permission,許可
1816,68,1816,authority,
1817,68,1817,medieval,
1818,68,1818,knight,騎士
1819,68,1819,lord,
1820,68,1820,admire,
1821,68,1821,congratulation,祝賀・おめでとう
1822,68,1822,sympathy,
1823,68,1823,empathy,感情移入・共感
1824,68,1824,attend,面倒を見る・注意を払う・に出席する・に通う
1825,68,1825,affordable,手頃な価格の・購入しやすい
1826,68,1826,faculty,
1827,68,1827,overwork,をこき使う・を酷使する・過労
1828,69,1828,milestone,重要(画期的)な事件・重要な段階
1829,69,1829,advent,(重要な事などの)到来
1830,69,1830,accumulate,
1831,69,1831,contrast,
1832,69,1832,calculation,計算・推定
1833,69,1833,statistics,
1834,69,1834,compute,計算する
1835,69,1835,latest,
1836,69,1836,unprecedented,先例のない・空前の
1837,69,1837,principle,
1838,69,1838,ideology,イデオロギー・思考傾向
1839,69,1839,regime,政権・体制
1840,69,1840,nevertheless,
1841,69,1841,nonetheless,
1842,69,1842,genius,
1843,70,1843,scratch,
1844,70,1844,stain,汚れ・を汚す
1845,70,1845,prepare,の準備をする・に覚悟をさせる・準備をする
1846,70,1846,utter,
1847,70,1847,oral,
1848,70,1848,verbal,言葉の・口頭の
1849,70,1849,guide,
1850,70,1850,guideline,指針・目標
1851,70,1851,imaginative,想像力に富む・創造的な
1852,70,1852,conceive,を思いつく・～だと思う・想像する
1853,70,1853,fantasy,空想・幻想
1854,70,1854,illusion,
1855,70,1855,routinely,いつものように・日常的に
1856,70,1856,brute,残酷な・野蛮な・純然たる・冷酷な人
1857,70,1857,cheat,
1858,70,1858,originality,独創性・斬新さ
1859,70,1859,display,
1860,70,1860,exceptionally,並みはずれて・例外的に
1861,70,1861,except,
1862,70,1862,suspect,
1863,70,1863,deem,と考える
1864,70,1864,hence,
1865,70,1865,fully,十分に・完全に
1866,70,1866,warn,に警告する
1867,70,1867,AI,人工知能
1868,70,1868,medicine,薬・医学・医療
1869,70,1869,nutrition,
1870,70,1870,nourish,に栄養を与える・を抱く
1871,71,1871,revolution,
1872,71,1872,orbit,軌道・の軌道を回る
1873,71,1873,spin,回転する・混乱する・を回転させる・を紡ぐ
1874,71,1874,innovation,革新
1875,71,1875,dramatic,劇的な・演劇の
1876,71,1876,settle,
1877,71,1877,shelter,
1878,71,1878,dormitory,寮
1879,71,1879,flat,
1880,71,1880,disruption,中断・混乱・分裂
1881,71,1881,spoil,
1882,71,1882,employee,
1883,71,1883,employ,を雇う・を使用する
1884,71,1884,unemployment,失業・失業者数・失業率
1885,71,1885,recruit,新人・新入社員・を勧誘する・を新規採用する
1886,71,1886,expect,
1887,71,1887,unexpected,思いがけない
1888,71,1888,workforce,
1889,71,1889,overtrime,残業・時間外の(で)
1890,71,1890,endless,無数の
1891,71,1891,infinite,無限の
1892,71,1892,global,
1893,71,1893,epidemic,
1894,71,1894,plague,疫病・やっかいなもの
1895,71,1895,microbe,微生物・細菌
1896,71,1896,germ,細菌・病原菌
1897,71,1897,rapid,急な・速い
1898,71,1898,swift,即座の・速い
1899,71,1899,burst,
1900,71,1900,feedback,反応・感想・フィードバック
1901,71,1901,meditation,
1902,71,1902,snap,ポキンと折れる・をポキンと折る
1903,71,1903,merely,単に・単なる